date,hour,Flux,Ts,SWC,month,season
7/18/20 0:00,0:00,1.12674,16.69287,6.137933333,Jul (SWC = 6%),dry
7/18/20 1:00,1:00,1.132765,16.64037167,6.123483333,Jul (SWC = 6%),dry
7/18/20 2:00,2:00,1.091265,16.124855,6.09015,Jul (SWC = 6%),dry
7/18/20 3:00,3:00,1.11841,15.42315833,6.061783333,Jul (SWC = 6%),dry
7/18/20 4:00,4:00,1.124345,15.32050333,6.053933333,Jul (SWC = 6%),dry
7/18/20 5:00,5:00,1.13541,14.52518167,6.0483,Jul (SWC = 6%),dry
7/18/20 6:00,6:00,1.105635,14.67082167,6.006966667,Jul (SWC = 6%),dry
7/18/20 7:00,7:00,1.146735,16.94641333,6.00615,Jul (SWC = 6%),dry
7/18/20 8:00,8:00,1.18374,23.2582,5.997483333,Jul (SWC = 6%),dry
7/18/20 9:00,9:00,1.136725,28.12897833,6.007116667,Jul (SWC = 6%),dry
7/18/20 10:00,10:00,1.235535,32.70912333,6.007116667,Jul (SWC = 6%),dry
7/18/20 11:00,11:00,1.207955,36.56553667,6.007116667,Jul (SWC = 6%),dry
7/18/20 12:00,12:00,1.25216,40.03838167,6.02335,Jul (SWC = 6%),dry
7/18/20 13:00,13:00,1.194515,42.71321333,6.063566667,Jul (SWC = 6%),dry
7/18/20 14:00,14:00,1.192985,44.72535333,6.085866667,Jul (SWC = 6%),dry
7/18/20 15:00,15:00,1.18464,44.2667,6.130233333,Jul (SWC = 6%),dry
7/18/20 16:00,16:00,1.192885,42.81124833,6.152533333,Jul (SWC = 6%),dry
7/18/20 17:00,17:00,1.18698,39.67097,6.17705,Jul (SWC = 6%),dry
7/18/20 18:00,18:00,1.15015,34.813005,6.1849,Jul (SWC = 6%),dry
7/18/20 19:00,19:00,1.09565,29.582185,6.190966667,Jul (SWC = 6%),dry
7/18/20 20:00,20:00,1.130225,24.81090167,6.183116667,Jul (SWC = 6%),dry
7/18/20 21:00,21:00,1.14549,20.85080667,6.151566667,Jul (SWC = 6%),dry
7/18/20 22:00,22:00,1.13577,18.704345,6.147566667,Jul (SWC = 6%),dry
7/18/20 23:00,23:00,1.1276,17.39866333,6.137933333,Jul (SWC = 6%),dry
7/19/20 0:00,0:00,1.193925,16.375405,6.123483333,Jul (SWC = 6%),dry
7/19/20 1:00,1:00,1.151345,15.63363833,6.091933333,Jul (SWC = 6%),dry
7/19/20 2:00,2:00,1.134975,15.21986333,6.06275,Jul (SWC = 6%),dry
7/19/20 3:00,3:00,1.13736,14.71245333,6.049116667,Jul (SWC = 6%),dry
7/19/20 4:00,4:00,1.11257,14.44170833,6.0443,Jul (SWC = 6%),dry
7/19/20 5:00,5:00,1.16446,13.99501667,6.011783333,Jul (SWC = 6%),dry
7/19/20 6:00,6:00,1.122075,13.84275833,5.989483333,Jul (SWC = 6%),dry
7/19/20 7:00,7:00,1.18194,15.86556667,5.989483333,Jul (SWC = 6%),dry
7/19/20 8:00,8:00,1.158015,22.05042833,5.981633333,Jul (SWC = 6%),dry
7/19/20 9:00,9:00,1.16252,27.36707167,5.968966667,Jul (SWC = 6%),dry
7/19/20 10:00,10:00,1.274745,31.68115167,5.9786,Jul (SWC = 6%),dry
7/19/20 11:00,11:00,1.228095,35.34141167,5.999266667,Jul (SWC = 6%),dry
7/19/20 12:00,12:00,1.21058,37.99916833,6.0089,Jul (SWC = 6%),dry
7/19/20 13:00,13:00,1.277465,39.67227167,6.018533333,Jul (SWC = 6%),dry
7/19/20 14:00,14:00,1.257715,40.91537167,6.064383333,Jul (SWC = 6%),dry
7/19/20 15:00,15:00,1.22404,39.86974333,6.074016667,Jul (SWC = 6%),dry
7/19/20 16:00,16:00,1.240865,38.16120667,6.094533333,Jul (SWC = 6%),dry
7/19/20 17:00,17:00,1.18916,36.0276,6.114233333,Jul (SWC = 6%),dry
7/19/20 18:00,18:00,1.161035,32.51411333,6.114233333,Jul (SWC = 6%),dry
7/19/20 19:00,19:00,1.08494,28.241505,6.122233333,Jul (SWC = 6%),dry
7/19/20 20:00,20:00,1.10793,23.83721167,6.114233333,Jul (SWC = 6%),dry
7/19/20 21:00,21:00,1.085955,19.93380667,6.1046,Jul (SWC = 6%),dry
7/19/20 22:00,22:00,1.05416,17.35622667,6.083116667,Jul (SWC = 6%),dry
7/19/20 23:00,23:00,1.075,16.064915,6.067416667,Jul (SWC = 6%),dry
7/20/20 0:00,0:00,1.06858,15.03503333,6.049933333,Jul (SWC = 6%),dry
7/20/20 1:00,1:00,1.1259,14.46147167,6.045116667,Jul (SWC = 6%),dry
7/20/20 2:00,2:00,1.07138,13.815455,6.027483333,Jul (SWC = 6%),dry
7/20/20 3:00,3:00,1.08536,13.32509,6.00215,Jul (SWC = 6%),dry
7/20/20 4:00,4:00,1.06448,12.85511333,5.977633333,Jul (SWC = 6%),dry
7/20/20 5:00,5:00,1.08325,12.40503333,5.941266667,Jul (SWC = 6%),dry
7/20/20 6:00,6:00,1.07427,12.14881667,5.91415,Jul (SWC = 6%),dry
7/20/20 7:00,7:00,1.06266,14.46173667,5.91015,Jul (SWC = 6%),dry
7/20/20 8:00,8:00,1.02216,21.27134333,5.899266667,Jul (SWC = 6%),dry
7/20/20 9:00,9:00,1.0655,26.3891,5.899266667,Jul (SWC = 6%),dry
7/20/20 10:00,10:00,1.10723,30.792465,5.907116667,Jul (SWC = 6%),dry
7/20/20 11:00,11:00,1.15297,35.06887333,5.9089,Jul (SWC = 6%),dry
7/20/20 12:00,12:00,1.14549,38.58508333,5.930383333,Jul (SWC = 6%),dry
7/20/20 13:00,13:00,1.18047,41.01478,6.001716667,Jul (SWC = 6%),dry
7/20/20 14:00,14:00,1.14318,43.59424667,6.005716667,Jul (SWC = 6%),dry
7/20/20 15:00,15:00,1.1053,43.33339833,6.0469,Jul (SWC = 6%),dry
7/20/20 16:00,16:00,1.09872,41.66334667,6.074016667,Jul (SWC = 6%),dry
7/20/20 17:00,17:00,1.09676,38.93533,6.086683333,Jul (SWC = 6%),dry
7/20/20 18:00,18:00,1.06018,34.6233,6.094533333,Jul (SWC = 6%),dry
7/20/20 19:00,19:00,1.03685,29.301515,6.102383333,Jul (SWC = 6%),dry
7/20/20 20:00,20:00,1.02733,23.96360667,6.083116667,Jul (SWC = 6%),dry
7/20/20 21:00,21:00,1.07363,20.17499833,6.075266667,Jul (SWC = 6%),dry
7/20/20 22:00,22:00,1.07466,18.57059333,6.067416667,Jul (SWC = 6%),dry
7/20/20 23:00,23:00,1.06868,17.581065,6.059566667,Jul (SWC = 6%),dry
7/22/20 0:00,0:00,1.05624,15.46631833,6.067416667,Jul (SWC = 6%),dry
7/22/20 1:00,1:00,1.0626,14.81559167,6.014816667,Jul (SWC = 6%),dry
7/22/20 2:00,2:00,1.08787,14.20612,5.995116667,Jul (SWC = 6%),dry
7/22/20 3:00,3:00,1.03866,13.400875,5.983266667,Jul (SWC = 6%),dry
7/22/20 4:00,4:00,1.02504,12.562925,5.955183333,Jul (SWC = 6%),dry
7/22/20 5:00,5:00,1.00046,12.90917833,5.922816667,Jul (SWC = 6%),dry
7/22/20 6:00,6:00,0.95161,12.95096167,5.907116667,Jul (SWC = 6%),dry
7/22/20 7:00,7:00,0.99231,15.67061167,5.89445,Jul (SWC = 6%),dry
7/22/20 8:00,8:00,1.0513,22.29069,5.899266667,Jul (SWC = 6%),dry
7/22/20 9:00,9:00,1.09,27.360795,5.89445,Jul (SWC = 6%),dry
7/22/20 10:00,10:00,1.07248,32.19251,5.889633333,Jul (SWC = 6%),dry
7/22/20 11:00,11:00,1.09576,35.84329,5.904083333,Jul (SWC = 6%),dry
7/22/20 12:00,12:00,1.12861,39.28767333,5.9089,Jul (SWC = 6%),dry
7/22/20 13:00,13:00,1.05723,41.17822,5.9312,Jul (SWC = 6%),dry
7/22/20 14:00,14:00,1.06981,43.16527833,5.9732,Jul (SWC = 6%),dry
7/22/20 15:00,15:00,1.05644,42.939165,6.010533333,Jul (SWC = 6%),dry
7/22/20 16:00,16:00,1.02826,40.88315,6.0272,Jul (SWC = 6%),dry
7/22/20 17:00,17:00,1.00999,37.410715,6.047716667,Jul (SWC = 6%),dry
7/22/20 18:00,18:00,0.98594,32.72421333,6.074016667,Jul (SWC = 6%),dry
7/22/20 19:00,19:00,0.97681,27.236535,6.068233333,Jul (SWC = 6%),dry
7/22/20 20:00,20:00,1.01083,21.19872833,6.075266667,Jul (SWC = 6%),dry
7/22/20 21:00,21:00,1.01704,16.718115,6.043866667,Jul (SWC = 6%),dry
7/22/20 22:00,22:00,1.00755,14.67427833,6.026233333,Jul (SWC = 6%),dry
7/22/20 23:00,23:00,0.9723,13.10710833,5.995933333,Jul (SWC = 6%),dry
7/23/20 0:00,0:00,0.97615,13.03256,5.979266667,Jul (SWC = 6%),dry
7/23/20 1:00,1:00,0.95627,12.30378333,5.9626,Jul (SWC = 6%),dry
7/23/20 2:00,2:00,0.94195,12.40971667,5.935483333,Jul (SWC = 6%),dry
7/23/20 3:00,3:00,0.95418,12.54725,5.899266667,Jul (SWC = 6%),dry
7/23/20 4:00,4:00,0.9916,11.792975,5.89445,Jul (SWC = 6%),dry
7/23/20 5:00,5:00,0.98977,11.203485,5.864,Jul (SWC = 6%),dry
7/23/20 6:00,6:00,0.95999,11.31377333,5.830816667,Jul (SWC = 6%),dry
7/23/20 7:00,7:00,0.9903,12.62015333,5.803266667,Jul (SWC = 6%),dry
7/23/20 8:00,8:00,0.99484,19.06368667,5.815116667,Jul (SWC = 6%),dry
7/23/20 9:00,9:00,0.99963,24.11531333,5.815116667,Jul (SWC = 6%),dry
7/23/20 10:00,10:00,1.05053,29.17293167,5.807266667,Jul (SWC = 6%),dry
7/23/20 11:00,11:00,1.11307,33.70977333,5.8406,Jul (SWC = 6%),dry
7/23/20 12:00,12:00,1.0441,37.29659167,5.8406,Jul (SWC = 6%),dry
7/23/20 13:00,13:00,1.04065,39.233415,5.884383333,Jul (SWC = 6%),dry
7/23/20 14:00,14:00,1.02574,41.6121,5.92335,Jul (SWC = 6%),dry
7/23/20 15:00,15:00,1.0153,41.50996167,5.936016667,Jul (SWC = 6%),dry
7/23/20 16:00,16:00,0.98862,39.54745833,5.9852,Jul (SWC = 6%),dry
7/23/20 17:00,17:00,1.00964,36.58899167,5.997866667,Jul (SWC = 6%),dry
7/23/20 18:00,18:00,0.95006,32.33173,5.997866667,Jul (SWC = 6%),dry
7/23/20 19:00,19:00,0.94203,26.66791833,6.006533333,Jul (SWC = 6%),dry
7/23/20 20:00,20:00,0.97551,21.07526333,5.9929,Jul (SWC = 6%),dry
7/23/20 21:00,21:00,0.96123,17.20890167,5.979266667,Jul (SWC = 6%),dry
7/23/20 22:00,22:00,0.96446,15.85154167,5.983266667,Jul (SWC = 6%),dry
7/23/20 23:00,23:00,0.96682,14.93676667,5.971416667,Jul (SWC = 6%),dry
6/26/20 0:00,0:00,1.616704267,17.50048333,6.847383333,Jun (SWC = 6.6%),dry
6/26/20 1:00,1:00,1.6589456,15.97697833,6.808416667,Jun (SWC = 6.6%),dry
6/26/20 2:00,2:00,1.612724533,14.796265,6.79575,Jun (SWC = 6.6%),dry
6/26/20 3:00,3:00,1.687968533,13.696995,6.775233333,Jun (SWC = 6.6%),dry
6/26/20 4:00,4:00,1.6889912,12.33316167,6.755966667,Jun (SWC = 6.6%),dry
6/26/20 5:00,5:00,1.665754133,11.59763833,6.72745,Jun (SWC = 6.6%),dry
6/26/20 6:00,6:00,1.597010133,11.74085,6.702933333,Jun (SWC = 6.6%),dry
6/26/20 7:00,7:00,1.631850133,14.58721167,6.691083333,Jun (SWC = 6.6%),dry
6/26/20 8:00,8:00,1.5203136,21.25725,6.690266667,Jun (SWC = 6.6%),dry
6/26/20 9:00,9:00,1.540513867,25.87124833,6.670566667,Jun (SWC = 6.6%),dry
6/26/20 10:00,10:00,1.664180267,30.930865,6.6579,Jun (SWC = 6.6%),dry
6/26/20 11:00,11:00,1.6633968,35.00269667,6.6802,Jun (SWC = 6.6%),dry
6/26/20 12:00,12:00,1.701072533,38.61736167,6.697683333,Jun (SWC = 6.6%),dry
6/26/20 13:00,13:00,1.705031467,41.71076167,6.731833333,Jun (SWC = 6.6%),dry
6/26/20 14:00,14:00,1.7102696,42.59739,6.741466667,Jun (SWC = 6.6%),dry
6/26/20 15:00,15:00,1.644392533,42.60457,6.791316667,Jun (SWC = 6.6%),dry
6/26/20 16:00,16:00,1.634626933,40.25344,6.804133333,Jun (SWC = 6.6%),dry
6/26/20 17:00,17:00,1.649942667,36.57660667,6.833466667,Jun (SWC = 6.6%),dry
6/26/20 18:00,18:00,1.551537867,32.30946,6.8365,Jun (SWC = 6.6%),dry
6/26/20 19:00,19:00,1.566028533,27.79795667,6.837316667,Jun (SWC = 6.6%),dry
6/26/20 20:00,20:00,1.546549333,22.775455,6.837316667,Jun (SWC = 6.6%),dry
6/26/20 21:00,21:00,1.616108,19.05189667,6.84035,Jun (SWC = 6.6%),dry
6/26/20 22:00,22:00,1.605434133,17.57908333,6.8102,Jun (SWC = 6.6%),dry
6/26/20 23:00,23:00,1.6402256,16.47538667,6.797533333,Jun (SWC = 6.6%),dry
6/27/20 0:00,0:00,1.6332576,15.793065,6.792716667,Jun (SWC = 6.6%),dry
6/27/20 1:00,1:00,1.652625867,15.34229833,6.771233333,Jun (SWC = 6.6%),dry
6/27/20 2:00,2:00,1.6969784,15.01997667,6.767233333,Jun (SWC = 6.6%),dry
6/27/20 3:00,3:00,1.664429867,14.669575,6.7536,Jun (SWC = 6.6%),dry
6/27/20 4:00,4:00,1.662270133,14.81669333,6.732266667,Jun (SWC = 6.6%),dry
6/27/20 5:00,5:00,1.6513016,14.93975167,6.70375,Jun (SWC = 6.6%),dry
6/27/20 6:00,6:00,1.629166933,14.968345,6.675233333,Jun (SWC = 6.6%),dry
6/27/20 7:00,7:00,1.607950933,17.66526333,6.675233333,Jun (SWC = 6.6%),dry
6/27/20 8:00,8:00,1.620576533,23.03865667,6.670566667,Jun (SWC = 6.6%),dry
6/27/20 9:00,9:00,1.548854667,27.13875833,6.670566667,Jun (SWC = 6.6%),dry
6/27/20 10:00,10:00,1.608918133,31.76731333,6.6802,Jun (SWC = 6.6%),dry
6/27/20 11:00,11:00,1.6701152,35.37752833,6.66835,Jun (SWC = 6.6%),dry
6/27/20 12:00,12:00,1.66192,38.99182667,6.681166667,Jun (SWC = 6.6%),dry
6/27/20 13:00,13:00,1.686075733,41.78786,6.719166667,Jun (SWC = 6.6%),dry
6/27/20 14:00,14:00,1.700299467,42.51133167,6.7405,Jun (SWC = 6.6%),dry
6/27/20 15:00,15:00,1.662561333,41.701345,6.7628,Jun (SWC = 6.6%),dry
6/27/20 16:00,16:00,1.6067688,40.395975,6.803316667,Jun (SWC = 6.6%),dry
6/27/20 17:00,17:00,1.615116533,36.67899833,6.811983333,Jun (SWC = 6.6%),dry
6/27/20 18:00,18:00,1.574199467,32.27079167,6.8285,Jun (SWC = 6.6%),dry
6/27/20 19:00,19:00,1.579985333,27.03486167,6.837316667,Jun (SWC = 6.6%),dry
6/27/20 20:00,20:00,1.630508533,22.20591833,6.843383333,Jun (SWC = 6.6%),dry
6/27/20 21:00,21:00,1.637098667,18.898935,6.819833333,Jun (SWC = 6.6%),dry
6/27/20 22:00,22:00,1.6270696,16.47502,6.800566667,Jun (SWC = 6.6%),dry
6/27/20 23:00,23:00,1.6911856,15.80950833,6.784866667,Jun (SWC = 6.6%),dry
6/28/20 0:00,0:00,1.663237333,15.11619833,6.775233333,Jun (SWC = 6.6%),dry
6/28/20 1:00,1:00,1.6089424,14.40137,6.762416667,Jun (SWC = 6.6%),dry
6/28/20 2:00,2:00,1.682616,13.79391167,6.72605,Jun (SWC = 6.6%),dry
6/28/20 3:00,3:00,1.633794933,13.27661667,6.712416667,Jun (SWC = 6.6%),dry
6/28/20 4:00,4:00,1.6012984,12.56785333,6.679233333,Jun (SWC = 6.6%),dry
6/28/20 5:00,5:00,1.631326667,11.93273,6.675233333,Jun (SWC = 6.6%),dry
6/28/20 6:00,6:00,1.624788533,12.35291833,6.65775,Jun (SWC = 6.6%),dry
6/28/20 7:00,7:00,1.5693392,15.14062333,6.63145,Jun (SWC = 6.6%),dry
6/28/20 8:00,8:00,1.5194088,19.87623,6.616566667,Jun (SWC = 6.6%),dry
6/28/20 9:00,9:00,1.539778933,22.62961167,6.616566667,Jun (SWC = 6.6%),dry
6/28/20 10:00,10:00,1.562877333,26.558375,6.616566667,Jun (SWC = 6.6%),dry
6/28/20 11:00,11:00,1.6041272,30.26934833,6.620566667,Jun (SWC = 6.6%),dry
6/28/20 12:00,12:00,1.619387467,33.14868667,6.635016667,Jun (SWC = 6.6%),dry
6/28/20 13:00,13:00,1.5585336,32.605515,6.64865,Jun (SWC = 6.6%),dry
6/28/20 14:00,14:00,1.649623733,32.75047,6.665316667,Jun (SWC = 6.6%),dry
6/28/20 15:00,15:00,1.592344,33.25557833,6.707316667,Jun (SWC = 6.6%),dry
6/28/20 16:00,16:00,1.566590133,31.53650167,6.723016667,Jun (SWC = 6.6%),dry
6/28/20 17:00,17:00,1.5657928,29.14947,6.73265,Jun (SWC = 6.6%),dry
6/28/20 18:00,18:00,1.507892533,24.721555,6.727833333,Jun (SWC = 6.6%),dry
6/28/20 19:00,19:00,1.483404,20.94893167,6.73265,Jun (SWC = 6.6%),dry
6/28/20 20:00,20:00,1.493921867,16.54773833,6.723016667,Jun (SWC = 6.6%),dry
6/28/20 21:00,21:00,1.490212533,14.39656833,6.705383333,Jun (SWC = 6.6%),dry
6/28/20 22:00,22:00,1.510288,13.30395167,6.684866667,Jun (SWC = 6.6%),dry
6/28/20 23:00,23:00,1.463429067,12.73338,6.684866667,Jun (SWC = 6.6%),dry
6/29/20 0:00,0:00,1.507722667,11.771065,6.669166667,Jun (SWC = 6.6%),dry
6/29/20 1:00,1:00,1.512049067,11.267035,6.654716667,Jun (SWC = 6.6%),dry
6/29/20 2:00,2:00,1.529406667,10.71671333,6.629383333,Jun (SWC = 6.6%),dry
6/29/20 3:00,3:00,1.467901067,10.39609833,6.620566667,Jun (SWC = 6.6%),dry
6/29/20 4:00,4:00,1.504602667,10.18047333,6.59605,Jun (SWC = 6.6%),dry
6/29/20 5:00,5:00,1.4887496,9.396673333,6.5619,Jun (SWC = 6.6%),dry
6/29/20 6:00,6:00,1.442497333,9.946185,6.545233333,Jun (SWC = 6.6%),dry
6/29/20 7:00,7:00,1.453372267,11.01768667,6.533383333,Jun (SWC = 6.6%),dry
6/29/20 8:00,8:00,1.469963733,13.28662333,6.512866667,Jun (SWC = 6.6%),dry
6/29/20 9:00,9:00,NA,15.689865,6.422516667,Jun (SWC = 6.6%),dry
6/29/20 10:00,10:00,1.436335333,18.81803667,6.403783333,Jun (SWC = 6.6%),dry
6/29/20 11:00,11:00,1.5816008,21.48051333,6.427483333,Jun (SWC = 6.6%),dry
6/29/20 12:00,12:00,1.587771467,26.11637667,6.433116667,Jun (SWC = 6.6%),dry
6/29/20 13:00,13:00,1.616354133,30.09029833,6.464083333,Jun (SWC = 6.6%),dry
6/29/20 14:00,14:00,1.6304184,32.60742333,6.486533333,Jun (SWC = 6.6%),dry
6/29/20 15:00,15:00,1.6116568,33.003305,6.522083333,Jun (SWC = 6.6%),dry
6/29/20 16:00,16:00,1.543883467,31.95224833,6.533933333,Jun (SWC = 6.6%),dry
6/29/20 17:00,17:00,1.4671696,29.88266833,6.559266667,Jun (SWC = 6.6%),dry
6/29/20 18:00,18:00,1.460589867,25.518625,6.559266667,Jun (SWC = 6.6%),dry
6/29/20 19:00,19:00,1.445912,20.07018,6.559266667,Jun (SWC = 6.6%),dry
6/29/20 20:00,20:00,1.493880267,15.51001333,6.55445,Jun (SWC = 6.6%),dry
6/29/20 21:00,21:00,1.519873333,12.82512333,6.54245,Jun (SWC = 6.6%),dry
6/29/20 22:00,22:00,1.485958933,11.20742,6.5083,Jun (SWC = 6.6%),dry
6/29/20 23:00,23:00,1.500706133,10.247735,6.495633333,Jun (SWC = 6.6%),dry
6/30/20 0:00,0:00,1.5101944,9.151107,6.47815,Jun (SWC = 6.6%),dry
6/30/20 1:00,1:00,1.5072408,8.901664,6.46645,Jun (SWC = 6.6%),dry
6/30/20 2:00,2:00,1.471471733,8.099536,6.44015,Jun (SWC = 6.6%),dry
6/30/20 3:00,3:00,1.51606,8.403863333,6.418666667,Jun (SWC = 6.6%),dry
6/30/20 4:00,4:00,1.524373067,7.6654915,6.402,Jun (SWC = 6.6%),dry
6/30/20 5:00,5:00,1.509116267,8.292845833,6.356,Jun (SWC = 6.6%),dry
6/30/20 6:00,6:00,1.547554667,8.5978025,6.3443,Jun (SWC = 6.6%),dry
6/30/20 7:00,7:00,1.551624533,12.234325,6.339483333,Jun (SWC = 6.6%),dry
6/30/20 8:00,8:00,1.502817333,19.99761833,6.330666667,Jun (SWC = 6.6%),dry
6/30/20 9:00,9:00,1.427497067,24.9556,6.3403,Jun (SWC = 6.6%),dry
6/30/20 10:00,10:00,1.480290933,29.05083,6.3443,Jun (SWC = 6.6%),dry
6/30/20 11:00,11:00,1.570230133,32.287355,6.3403,Jun (SWC = 6.6%),dry
6/30/20 12:00,12:00,1.603673067,35.93183167,6.368383333,Jun (SWC = 6.6%),dry
6/30/20 13:00,13:00,1.6181048,39.18915,6.3969,Jun (SWC = 6.6%),dry
6/30/20 14:00,14:00,1.596757067,40.883075,6.452383333,Jun (SWC = 6.6%),dry
6/30/20 15:00,15:00,1.544552533,39.36402333,6.4849,Jun (SWC = 6.6%),dry
6/30/20 16:00,16:00,1.530217867,37.37096,6.518233333,Jun (SWC = 6.6%),dry
6/30/20 17:00,17:00,1.581188267,35.28203333,6.544383333,Jun (SWC = 6.6%),dry
6/30/20 18:00,18:00,1.502723733,30.60485833,6.5689,Jun (SWC = 6.6%),dry
6/30/20 19:00,19:00,1.486641867,25.29161167,6.5649,Jun (SWC = 6.6%),dry
6/30/20 20:00,20:00,1.5349984,20.7117,6.559266667,Jun (SWC = 6.6%),dry
6/30/20 21:00,21:00,1.501257333,17.13545333,6.55045,Jun (SWC = 6.6%),dry
6/30/20 22:00,22:00,1.5562144,15.16418,6.549633333,Jun (SWC = 6.6%),dry
6/30/20 23:00,23:00,1.6160872,13.76295167,6.537783333,Jun (SWC = 6.6%),dry
8/14/20 0:00,0:00,0.763706667,21.08717167,5.62065,Aug (SWC = 5.7%),dry
8/14/20 1:00,1:00,0.762125867,21.20323833,5.607166667,Aug (SWC = 5.7%),dry
8/14/20 2:00,2:00,0.744196267,20.81868833,5.5905,Aug (SWC = 5.7%),dry
8/14/20 3:00,3:00,0.756665867,20.90271333,5.58265,Aug (SWC = 5.7%),dry
8/14/20 4:00,4:00,0.7532616,20.89588667,5.5668,Aug (SWC = 5.7%),dry
8/14/20 5:00,5:00,0.7527416,20.466285,5.561983333,Aug (SWC = 5.7%),dry
8/14/20 6:00,6:00,0.726322133,20.47677,5.533466667,Aug (SWC = 5.7%),dry
8/14/20 7:00,7:00,0.7592936,21.764355,5.531833333,Aug (SWC = 5.7%),dry
8/14/20 8:00,8:00,0.810302133,26.44499167,5.541466667,Aug (SWC = 5.7%),dry
8/14/20 9:00,9:00,0.829049867,32.12532667,5.549466667,Aug (SWC = 5.7%),dry
8/14/20 10:00,10:00,0.794171733,37.10613333,5.54725,Aug (SWC = 5.7%),dry
8/14/20 11:00,11:00,0.860530667,41.11324667,5.5551,Aug (SWC = 5.7%),dry
8/14/20 12:00,12:00,0.849666133,44.13257,5.587466667,Aug (SWC = 5.7%),dry
8/14/20 13:00,13:00,0.897266933,45.342945,5.614583333,Aug (SWC = 5.7%),dry
8/14/20 14:00,14:00,0.846147467,46.74500833,5.652733333,Aug (SWC = 5.7%),dry
8/14/20 15:00,15:00,0.84474,46.32707667,5.662366667,Aug (SWC = 5.7%),dry
8/14/20 16:00,16:00,0.8511048,44.02537333,5.690066667,Aug (SWC = 5.7%),dry
8/14/20 17:00,17:00,0.799704533,41.19911167,5.730283333,Aug (SWC = 5.7%),dry
8/14/20 18:00,18:00,0.779580533,37.69421833,5.726283333,Aug (SWC = 5.7%),dry
8/14/20 19:00,19:00,0.754242667,32.64177167,5.7351,Aug (SWC = 5.7%),dry
8/14/20 20:00,20:00,0.7814768,28.26806833,5.7271,Aug (SWC = 5.7%),dry
8/14/20 21:00,21:00,0.7869784,25.01981167,5.7231,Aug (SWC = 5.7%),dry
8/14/20 22:00,22:00,0.781605067,23.47561833,5.7271,Aug (SWC = 5.7%),dry
8/14/20 23:00,23:00,0.791297867,23.29779167,5.679466667,Aug (SWC = 5.7%),dry
8/16/20 0:00,0:00,0.813006133,23.24051167,5.6628,Aug (SWC = 5.7%),dry
8/16/20 1:00,1:00,0.8314592,21.94395833,5.6391,Aug (SWC = 5.7%),dry
8/16/20 2:00,2:00,0.7938216,20.98011833,5.633466667,Aug (SWC = 5.7%),dry
8/16/20 3:00,3:00,0.821756,21.546705,5.62065,Aug (SWC = 5.7%),dry
8/16/20 4:00,4:00,0.850421867,21.78614167,5.611016667,Aug (SWC = 5.7%),dry
8/16/20 5:00,5:00,0.788971733,21.76568,5.5905,Aug (SWC = 5.7%),dry
8/16/20 6:00,6:00,0.816590667,21.89959333,5.5905,Aug (SWC = 5.7%),dry
8/16/20 7:00,7:00,0.8111168,22.66702833,5.58265,Aug (SWC = 5.7%),dry
8/16/20 8:00,8:00,0.791696533,27.27020667,5.5905,Aug (SWC = 5.7%),dry
8/16/20 9:00,9:00,0.7943832,31.94849,5.5905,Aug (SWC = 5.7%),dry
8/16/20 10:00,10:00,0.816590667,35.99348833,5.5945,Aug (SWC = 5.7%),dry
8/16/20 11:00,11:00,0.8614424,40.64388,5.613766667,Aug (SWC = 5.7%),dry
8/16/20 12:00,12:00,0.899769867,43.07046833,5.6351,Aug (SWC = 5.7%),dry
8/16/20 13:00,13:00,0.9040616,44.36763667,5.6614,Aug (SWC = 5.7%),dry
8/16/20 14:00,14:00,0.873967467,45.73711167,5.666366667,Aug (SWC = 5.7%),dry
8/16/20 15:00,15:00,0.876567467,46.58862833,5.714583333,Aug (SWC = 5.7%),dry
8/16/20 16:00,16:00,0.838919467,44.32808167,5.747766667,Aug (SWC = 5.7%),dry
8/16/20 17:00,17:00,0.7622992,40.91512167,5.752583333,Aug (SWC = 5.7%),dry
8/16/20 18:00,18:00,0.788794933,36.74948833,5.752583333,Aug (SWC = 5.7%),dry
8/16/20 19:00,19:00,0.783844533,31.39996333,5.767466667,Aug (SWC = 5.7%),dry
8/16/20 20:00,20:00,0.7603232,26.29695333,5.74295,Aug (SWC = 5.7%),dry
8/16/20 21:00,21:00,0.777729333,23.56961,5.74295,Aug (SWC = 5.7%),dry
8/16/20 22:00,22:00,0.761640533,21.88760333,5.7351,Aug (SWC = 5.7%),dry
8/16/20 23:00,23:00,0.7691632,21.38451667,5.7311,Aug (SWC = 5.7%),dry
8/17/20 0:00,0:00,0.762139733,20.80272833,5.707833333,Aug (SWC = 5.7%),dry
8/17/20 1:00,1:00,0.791713867,20.39625667,5.703016667,Aug (SWC = 5.7%),dry
8/17/20 2:00,2:00,0.8077056,20.69252333,5.6825,Aug (SWC = 5.7%),dry
8/17/20 3:00,3:00,0.812864,21.57800333,5.6825,Aug (SWC = 5.7%),dry
8/17/20 4:00,4:00,0.809948533,23.29118667,5.65495,Aug (SWC = 5.7%),dry
8/17/20 5:00,5:00,0.777923467,23.56671167,5.641466667,Aug (SWC = 5.7%),dry
8/17/20 6:00,6:00,0.787793067,23.31451667,5.615833333,Aug (SWC = 5.7%),dry
8/17/20 7:00,7:00,0.785238133,25.105655,5.615833333,Aug (SWC = 5.7%),dry
8/17/20 8:00,8:00,0.769357333,29.14708,5.607983333,Aug (SWC = 5.7%),dry
8/17/20 9:00,9:00,0.8059688,30.91608,5.615833333,Aug (SWC = 5.7%),dry
8/17/20 10:00,10:00,0.8413184,36.09921667,5.633466667,Aug (SWC = 5.7%),dry
8/17/20 11:00,11:00,0.821738667,39.52658,5.649316667,Aug (SWC = 5.7%),dry
8/17/20 12:00,12:00,0.8668088,43.15174333,5.6668,Aug (SWC = 5.7%),dry
8/17/20 13:00,13:00,0.8673288,44.725265,5.688283333,Aug (SWC = 5.7%),dry
8/17/20 14:00,14:00,0.844098667,46.583895,5.730283333,Aug (SWC = 5.7%),dry
8/17/20 15:00,15:00,0.851257333,45.66141833,5.7351,Aug (SWC = 5.7%),dry
8/17/20 16:00,16:00,0.824099467,44.56654333,5.7508,Aug (SWC = 5.7%),dry
8/17/20 17:00,17:00,0.806734933,43.81685333,5.783983333,Aug (SWC = 5.7%),dry
8/17/20 18:00,18:00,0.794754133,39.50333667,5.791983333,Aug (SWC = 5.7%),dry
8/17/20 19:00,19:00,0.784413067,33.56683,5.799833333,Aug (SWC = 5.7%),dry
8/17/20 20:00,20:00,0.785612533,29.35429667,5.799833333,Aug (SWC = 5.7%),dry
8/17/20 21:00,21:00,0.75088,26.706555,5.791016667,Aug (SWC = 5.7%),dry
8/17/20 22:00,22:00,0.773649067,25.44278167,5.7902,Aug (SWC = 5.7%),dry
8/17/20 23:00,23:00,0.7975656,24.75786333,5.77835,Aug (SWC = 5.7%),dry
8/18/20 0:00,0:00,0.815852267,23.88991167,5.761683333,Aug (SWC = 5.7%),dry
8/18/20 1:00,1:00,0.790802133,23.15139333,5.725466667,Aug (SWC = 5.7%),dry
8/18/20 2:00,2:00,0.800959467,23.20392167,5.711833333,Aug (SWC = 5.7%),dry
8/18/20 3:00,3:00,0.782998667,22.724645,5.6982,Aug (SWC = 5.7%),dry
8/18/20 4:00,4:00,0.727986133,23.19769,5.6982,Aug (SWC = 5.7%),dry
8/18/20 5:00,5:00,0.736014933,24.18367333,5.68635,Aug (SWC = 5.7%),dry
8/18/20 6:00,6:00,0.760631733,24.04265833,5.681533333,Aug (SWC = 5.7%),dry
8/18/20 7:00,7:00,0.806492267,25.10496167,5.672866667,Aug (SWC = 5.7%),dry
8/18/20 8:00,8:00,0.7951944,28.747975,5.663233333,Aug (SWC = 5.7%),dry
8/18/20 9:00,9:00,0.801271467,33.968415,5.669683333,Aug (SWC = 5.7%),dry
8/18/20 10:00,10:00,0.793939467,37.93785167,5.69435,Aug (SWC = 5.7%),dry
8/18/20 11:00,11:00,0.841186667,42.32067167,5.6825,Aug (SWC = 5.7%),dry
8/18/20 12:00,12:00,0.854335733,44.31723833,5.699166667,Aug (SWC = 5.7%),dry
8/18/20 13:00,13:00,0.9051432,45.69425333,5.7351,Aug (SWC = 5.7%),dry
8/18/20 14:00,14:00,0.8803496,48.63796833,5.74295,Aug (SWC = 5.7%),dry
8/18/20 15:00,15:00,0.8493056,45.37176167,5.80065,Aug (SWC = 5.7%),dry
8/18/20 16:00,16:00,0.917897067,37.31204667,5.805466667,Aug (SWC = 5.7%),dry
8/18/20 17:00,17:00,0.785824,35.56875333,5.809466667,Aug (SWC = 5.7%),dry
8/18/20 18:00,18:00,0.8120112,33.70531,5.809466667,Aug (SWC = 5.7%),dry
8/18/20 19:00,19:00,0.785193067,30.48553333,5.80465,Aug (SWC = 5.7%),dry
8/18/20 20:00,20:00,0.820930933,27.00277667,5.795016667,Aug (SWC = 5.7%),dry
8/18/20 21:00,21:00,0.767370933,25.01555167,5.7902,Aug (SWC = 5.7%),dry
8/18/20 22:00,22:00,0.7712328,24.35910833,5.7862,Aug (SWC = 5.7%),dry
8/18/20 23:00,23:00,0.7713992,23.88982,5.75865,Aug (SWC = 5.7%),dry
8/22/20 0:00,0:00,0.7802808,23.01517,5.671616667,Aug (SWC = 5.7%),dry
8/22/20 1:00,1:00,0.756388533,22.95165333,5.671616667,Aug (SWC = 5.7%),dry
8/22/20 2:00,2:00,0.770927733,22.601325,5.657166667,Aug (SWC = 5.7%),dry
8/22/20 3:00,3:00,0.769170133,21.07474,5.643533333,Aug (SWC = 5.7%),dry
8/22/20 4:00,4:00,0.741766133,20.02972,5.639533333,Aug (SWC = 5.7%),dry
8/22/20 5:00,5:00,0.7277088,20.00822,5.631683333,Aug (SWC = 5.7%),dry
8/22/20 6:00,6:00,0.716722933,19.47457667,5.615983333,Aug (SWC = 5.7%),dry
8/22/20 7:00,7:00,0.767617067,20.41065167,5.615983333,Aug (SWC = 5.7%),dry
8/22/20 8:00,8:00,0.746473867,24.48563833,5.592433333,Aug (SWC = 5.7%),dry
8/22/20 9:00,9:00,0.743211733,28.49324833,5.587616667,Aug (SWC = 5.7%),dry
8/22/20 10:00,10:00,0.807605067,32.35204833,5.604283333,Aug (SWC = 5.7%),dry
8/22/20 11:00,11:00,0.800130933,36.71019667,5.6248,Aug (SWC = 5.7%),dry
8/22/20 12:00,12:00,0.869079467,39.19003833,5.65095,Aug (SWC = 5.7%),dry
8/22/20 13:00,13:00,0.842760533,38.77198333,5.671616667,Aug (SWC = 5.7%),dry
8/22/20 14:00,14:00,0.8461856,41.38905667,5.694066667,Aug (SWC = 5.7%),dry
8/22/20 15:00,15:00,0.8203416,39.85721667,5.7194,Aug (SWC = 5.7%),dry
8/22/20 16:00,16:00,0.758111467,39.84040167,5.7194,Aug (SWC = 5.7%),dry
8/22/20 17:00,17:00,0.783636533,37.266015,5.7351,Aug (SWC = 5.7%),dry
8/22/20 18:00,18:00,0.7569328,32.422825,5.7351,Aug (SWC = 5.7%),dry
8/22/20 19:00,19:00,0.710528,27.57412667,5.7508,Aug (SWC = 5.7%),dry
8/22/20 20:00,20:00,0.752557867,24.08429667,5.7351,Aug (SWC = 5.7%),dry
8/22/20 21:00,21:00,0.730426667,22.08030167,5.73125,Aug (SWC = 5.7%),dry
8/22/20 22:00,22:00,0.7134712,20.55238667,5.7245,Aug (SWC = 5.7%),dry
8/22/20 23:00,23:00,0.776384267,19.54504167,5.688283333,Aug (SWC = 5.7%),dry
10/10/20 0:00,0:00,0.4350008,9.237663167,4.72595,Oct (SWC = 4.7%),dry
10/10/20 1:00,1:00,0.4717024,8.964868167,4.7181,Oct (SWC = 4.7%),dry
10/10/20 2:00,2:00,0.4411628,8.783429667,4.68795,Oct (SWC = 4.7%),dry
10/10/20 3:00,3:00,0.4155736,8.3567665,4.683133333,Oct (SWC = 4.7%),dry
10/10/20 4:00,4:00,0.4800952,8.254725333,4.66165,Oct (SWC = 4.7%),dry
10/10/20 5:00,5:00,0.4572516,8.017306,4.674316667,Oct (SWC = 4.7%),dry
10/10/20 6:00,6:00,0.4337736,8.457139167,4.63795,Oct (SWC = 4.7%),dry
10/10/20 7:00,7:00,0.4559204,9.588456667,4.6301,Oct (SWC = 4.7%),dry
10/10/20 8:00,8:00,0.487292,11.83035667,4.6261,Oct (SWC = 4.7%),dry
10/10/20 9:00,9:00,0.4847284,16.22708,4.6381,Oct (SWC = 4.7%),dry
10/10/20 10:00,10:00,0.533988,19.24777167,4.659583333,Oct (SWC = 4.7%),dry
10/10/20 11:00,11:00,0.5515016,24.71615833,4.663433333,Oct (SWC = 4.7%),dry
10/10/20 12:00,12:00,0.610064,27.34282333,4.6801,Oct (SWC = 4.7%),dry
10/10/20 13:00,13:00,0.6325852,28.94273833,4.71425,Oct (SWC = 4.7%),dry
10/10/20 14:00,14:00,0.6168344,29.579755,4.7261,Oct (SWC = 4.7%),dry
10/10/20 15:00,15:00,0.5842356,27.86340333,4.735733333,Oct (SWC = 4.7%),dry
10/10/20 16:00,16:00,0.5868148,27.20644667,4.745366667,Oct (SWC = 4.7%),dry
10/10/20 17:00,17:00,0.5522192,24.17927333,4.74055,Oct (SWC = 4.7%),dry
10/10/20 18:00,18:00,0.5124496,19.53953667,4.745366667,Oct (SWC = 4.7%),dry
10/10/20 19:00,19:00,0.4685304,15.65716167,4.75625,Oct (SWC = 4.7%),dry
10/10/20 20:00,20:00,0.4452812,13.13787,4.759283333,Oct (SWC = 4.7%),dry
10/10/20 21:00,21:00,0.4424264,11.238875,4.7181,Oct (SWC = 4.7%),dry
10/10/20 22:00,22:00,0.436696,10.41790833,4.72595,Oct (SWC = 4.7%),dry
10/10/20 23:00,23:00,0.460538,9.923228333,4.7141,Oct (SWC = 4.7%),dry
10/11/20 0:00,0:00,0.4961632,9.269948,4.7181,Oct (SWC = 4.7%),dry
10/11/20 1:00,1:00,0.4828876,8.831661833,4.71025,Oct (SWC = 4.7%),dry
10/11/20 2:00,2:00,0.4507828,8.167834833,4.696616667,Oct (SWC = 4.7%),dry
10/11/20 3:00,3:00,0.4798976,7.673828667,4.675133333,Oct (SWC = 4.7%),dry
10/11/20 4:00,4:00,0.4426448,7.447401833,4.64195,Oct (SWC = 4.7%),dry
10/11/20 5:00,5:00,0.4475536,7.267845167,4.6341,Oct (SWC = 4.7%),dry
10/11/20 6:00,6:00,0.4379544,6.901082833,4.6301,Oct (SWC = 4.7%),dry
10/11/20 7:00,7:00,0.4238572,7.191382,4.621283333,Oct (SWC = 4.7%),dry
10/11/20 8:00,8:00,0.4760132,9.245478667,4.616466667,Oct (SWC = 4.7%),dry
10/11/20 9:00,9:00,0.4489888,15.16263833,4.616466667,Oct (SWC = 4.7%),dry
10/11/20 10:00,10:00,0.505206,20.19540333,4.647733333,Oct (SWC = 4.7%),dry
10/11/20 11:00,11:00,0.5537688,25.41820833,4.651583333,Oct (SWC = 4.7%),dry
10/11/20 12:00,12:00,0.5814744,28.15873333,4.667433333,Oct (SWC = 4.7%),dry
10/11/20 13:00,13:00,0.579592,30.37225333,4.681066667,Oct (SWC = 4.7%),dry
10/11/20 14:00,14:00,0.5637112,31.89566833,4.712183333,Oct (SWC = 4.7%),dry
10/11/20 15:00,15:00,0.5674968,31.15925,4.72485,Oct (SWC = 4.7%),dry
10/11/20 16:00,16:00,0.4988048,31.01456667,4.749366667,Oct (SWC = 4.7%),dry
10/11/20 17:00,17:00,0.4911556,28.60154833,4.745366667,Oct (SWC = 4.7%),dry
10/11/20 18:00,18:00,0.4850092,23.81842667,4.745366667,Oct (SWC = 4.7%),dry
10/11/20 19:00,19:00,0.4380896,18.18308333,4.745366667,Oct (SWC = 4.7%),dry
10/11/20 20:00,20:00,0.4411264,15.23471333,4.745366667,Oct (SWC = 4.7%),dry
10/11/20 21:00,21:00,0.4291924,13.24869833,4.7261,Oct (SWC = 4.7%),dry
10/11/20 22:00,22:00,0.4709952,13.71041333,4.7261,Oct (SWC = 4.7%),dry
10/11/20 23:00,23:00,0.4243616,15.74540833,4.7261,Oct (SWC = 4.7%),dry
10/12/20 0:00,0:00,0.4492072,17.47025333,4.7261,Oct (SWC = 4.7%),dry
10/12/20 1:00,1:00,0.4807504,17.29589167,4.7261,Oct (SWC = 4.7%),dry
10/12/20 2:00,2:00,0.4097184,15.62413333,4.7221,Oct (SWC = 4.7%),dry
10/12/20 3:00,3:00,0.4274296,14.40198667,4.7181,Oct (SWC = 4.7%),dry
10/12/20 4:00,4:00,0.4206176,14.81721333,4.7181,Oct (SWC = 4.7%),dry
10/12/20 5:00,5:00,0.3976856,16.45133,4.7181,Oct (SWC = 4.7%),dry
10/12/20 6:00,6:00,0.4088448,16.69541167,4.708466667,Oct (SWC = 4.7%),dry
10/12/20 7:00,7:00,0.43277,16.973855,4.708466667,Oct (SWC = 4.7%),dry
10/12/20 8:00,8:00,0.42484,18.643265,4.708466667,Oct (SWC = 4.7%),dry
10/12/20 9:00,9:00,0.4529304,21.98494,4.716466667,Oct (SWC = 4.7%),dry
10/12/20 10:00,10:00,0.4623788,25.85905,4.7261,Oct (SWC = 4.7%),dry
10/12/20 11:00,11:00,0.486512,30.50414,4.730916667,Oct (SWC = 4.7%),dry
10/12/20 12:00,12:00,0.5367024,32.72591833,4.735733333,Oct (SWC = 4.7%),dry
10/12/20 13:00,13:00,0.5080452,34.23368833,4.74455,Oct (SWC = 4.7%),dry
10/12/20 14:00,14:00,0.5025696,35.24609333,4.781733333,Oct (SWC = 4.7%),dry
10/12/20 15:00,15:00,0.48139,33.88126333,4.80225,Oct (SWC = 4.7%),dry
10/12/20 16:00,16:00,0.4908644,33.16076833,4.822916667,Oct (SWC = 4.7%),dry
10/12/20 17:00,17:00,0.4552912,31.07427667,4.818916667,Oct (SWC = 4.7%),dry
10/12/20 18:00,18:00,0.4725812,25.577525,4.82855,Oct (SWC = 4.7%),dry
10/12/20 19:00,19:00,0.4502576,20.07463833,4.822916667,Oct (SWC = 4.7%),dry
10/12/20 20:00,20:00,0.4246008,17.3301,4.82195,Oct (SWC = 4.7%),dry
10/12/20 21:00,21:00,0.4077372,16.34474167,4.8141,Oct (SWC = 4.7%),dry
10/12/20 22:00,22:00,0.4442568,15.884525,4.8141,Oct (SWC = 4.7%),dry
10/12/20 23:00,23:00,0.4337788,14.24762,4.8061,Oct (SWC = 4.7%),dry
10/13/20 0:00,0:00,0.4724772,14.34232667,4.7864,Oct (SWC = 4.7%),dry
10/13/20 1:00,1:00,0.3955016,14.785165,4.772916667,Oct (SWC = 4.7%),dry
10/13/20 2:00,2:00,0.4162496,13.94218333,4.7418,Oct (SWC = 4.7%),dry
10/13/20 3:00,3:00,0.4206904,13.17882667,4.742616667,Oct (SWC = 4.7%),dry
10/13/20 4:00,4:00,0.4264468,11.76334,4.7181,Oct (SWC = 4.7%),dry
10/13/20 5:00,5:00,0.4507776,11.57664833,4.7181,Oct (SWC = 4.7%),dry
10/13/20 6:00,6:00,0.4323436,11.60248,4.7181,Oct (SWC = 4.7%),dry
10/13/20 7:00,7:00,0.4207476,11.23561,4.713283333,Oct (SWC = 4.7%),dry
10/13/20 8:00,8:00,0.4745104,13.56445,4.713283333,Oct (SWC = 4.7%),dry
10/13/20 9:00,9:00,0.4930484,19.302625,4.712466667,Oct (SWC = 4.7%),dry
10/13/20 10:00,10:00,0.5170724,26.07678,4.730916667,Oct (SWC = 4.7%),dry
10/13/20 11:00,11:00,0.5569512,31.59416167,4.735733333,Oct (SWC = 4.7%),dry
10/13/20 12:00,12:00,0.5860608,34.20794667,4.739733333,Oct (SWC = 4.7%),dry
10/13/20 13:00,13:00,0.6034964,36.19837333,4.7564,Oct (SWC = 4.7%),dry
10/13/20 14:00,14:00,0.5928312,37.17619833,4.7944,Oct (SWC = 4.7%),dry
10/13/20 15:00,15:00,0.5608304,36.03805833,4.822916667,Oct (SWC = 4.7%),dry
10/13/20 16:00,16:00,0.51961,35.29373,4.827733333,Oct (SWC = 4.7%),dry
10/13/20 17:00,17:00,0.4915976,32.26417167,4.837366667,Oct (SWC = 4.7%),dry
10/13/20 18:00,18:00,0.4837196,26.961265,4.837366667,Oct (SWC = 4.7%),dry
10/13/20 19:00,19:00,0.4523844,20.957175,4.827733333,Oct (SWC = 4.7%),dry
10/13/20 20:00,20:00,0.4454684,18.47289167,4.827733333,Oct (SWC = 4.7%),dry
10/13/20 21:00,21:00,0.4511156,17.80582333,4.822916667,Oct (SWC = 4.7%),dry
10/13/20 22:00,22:00,0.4224012,16.73815333,4.8181,Oct (SWC = 4.7%),dry
10/13/20 23:00,23:00,0.4059796,16.00024833,4.8181,Oct (SWC = 4.7%),dry
10/14/20 0:00,0:00,0.42822,15.61182667,4.81025,Oct (SWC = 4.7%),dry
10/14/20 1:00,1:00,0.4417296,14.856325,4.781733333,Oct (SWC = 4.7%),dry
10/14/20 2:00,2:00,0.4045132,13.82896,4.768916667,Oct (SWC = 4.7%),dry
10/14/20 3:00,3:00,0.4289428,13.85081,4.75625,Oct (SWC = 4.7%),dry
10/14/20 4:00,4:00,0.4307472,13.14351667,4.72995,Oct (SWC = 4.7%),dry
10/14/20 5:00,5:00,0.3886064,13.56507,4.7181,Oct (SWC = 4.7%),dry
10/14/20 6:00,6:00,0.4160312,13.65010667,4.7181,Oct (SWC = 4.7%),dry
10/14/20 7:00,7:00,0.40261,13.38031,4.7221,Oct (SWC = 4.7%),dry
10/14/20 8:00,8:00,0.4269876,15.35435333,4.7181,Oct (SWC = 4.7%),dry
10/14/20 9:00,9:00,0.4711668,20.322715,4.7261,Oct (SWC = 4.7%),dry
10/14/20 10:00,10:00,0.5214612,26.49528,4.735733333,Oct (SWC = 4.7%),dry
10/14/20 11:00,11:00,0.5491252,32.72807833,4.739733333,Oct (SWC = 4.7%),dry
10/14/20 12:00,12:00,0.5707,35.45343,4.74855,Oct (SWC = 4.7%),dry
10/14/20 13:00,13:00,0.5786612,37.37993167,4.777883333,Oct (SWC = 4.7%),dry
10/14/20 14:00,14:00,0.5446428,38.49793667,4.81025,Oct (SWC = 4.7%),dry
10/14/20 15:00,15:00,0.5217056,37.29981,4.83255,Oct (SWC = 4.7%),dry
10/14/20 16:00,16:00,0.5080712,36.41805667,4.837366667,Oct (SWC = 4.7%),dry
10/14/20 17:00,17:00,0.513734,33.186635,4.837366667,Oct (SWC = 4.7%),dry
10/14/20 18:00,18:00,0.494468,27.706005,4.853066667,Oct (SWC = 4.7%),dry
10/14/20 19:00,19:00,0.4224844,21.68320167,4.853066667,Oct (SWC = 4.7%),dry
10/14/20 20:00,20:00,0.4267068,18.854515,4.835583333,Oct (SWC = 4.7%),dry
10/14/20 21:00,21:00,0.4196764,17.351935,4.83255,Oct (SWC = 4.7%),dry
10/14/20 22:00,22:00,0.4319068,16.491445,4.8338,Oct (SWC = 4.7%),dry
10/14/20 23:00,23:00,0.4409288,14.83353667,4.8181,Oct (SWC = 4.7%),dry
11/11/20 0:00,0:00,1.4642212,0.807585667,9.620133333,Nov (SWC = 9.3%),wet
11/11/20 1:00,1:00,1.4685164,0.921471167,9.60925,Nov (SWC = 9.3%),wet
11/11/20 2:00,2:00,1.4675648,0.974621833,9.595616667,Nov (SWC = 9.3%),wet
11/11/20 3:00,3:00,1.3026468,0.824823833,9.562283333,Nov (SWC = 9.3%),wet
11/11/20 4:00,4:00,1.3415428,0.568374667,9.563916667,Nov (SWC = 9.3%),wet
11/11/20 5:00,5:00,1.2897872,0.408136,9.54725,Nov (SWC = 9.3%),wet
11/11/20 6:00,6:00,1.3393328,-0.000294167,9.537616667,Nov (SWC = 9.3%),wet
11/11/20 7:00,7:00,1.3924612,-0.146108167,9.5288,Nov (SWC = 9.3%),wet
11/11/20 8:00,8:00,1.4221116,0.843953833,9.5208,Nov (SWC = 9.3%),wet
11/11/20 9:00,9:00,1.5677116,4.815547333,9.496283333,Nov (SWC = 9.3%),wet
11/11/20 10:00,10:00,1.9494384,9.475822833,9.514733333,Nov (SWC = 9.3%),wet
11/11/20 11:00,11:00,2.1675576,13.34523833,9.51955,Nov (SWC = 9.3%),wet
11/11/20 12:00,12:00,2.4855064,15.17290167,9.547916667,Nov (SWC = 9.3%),wet
11/11/20 13:00,13:00,2.5837552,16.98602833,9.5534,Nov (SWC = 9.3%),wet
11/11/20 14:00,14:00,2.5774892,17.25178167,9.578883333,Nov (SWC = 9.3%),wet
11/11/20 15:00,15:00,2.3953384,16.89037667,9.6191,Nov (SWC = 9.3%),wet
11/11/20 16:00,16:00,2.260336,15.73286333,9.617983333,Nov (SWC = 9.3%),wet
11/11/20 17:00,17:00,2.0559812,12.294415,9.602133333,Nov (SWC = 9.3%),wet
11/11/20 18:00,18:00,1.8522764,7.5190775,9.6005,Nov (SWC = 9.3%),wet
11/11/20 19:00,19:00,1.7144712,4.631924167,9.58465,Nov (SWC = 9.3%),wet
11/11/20 20:00,20:00,1.6620968,3.878183333,9.55835,Nov (SWC = 9.3%),wet
11/11/20 21:00,21:00,1.5787824,2.906446333,9.5359,Nov (SWC = 9.3%),wet
11/11/20 22:00,22:00,1.519856,2.496633167,9.544716667,Nov (SWC = 9.3%),wet
11/11/20 23:00,23:00,1.5768428,2.634766667,9.517166667,Nov (SWC = 9.3%),wet
11/12/20 0:00,0:00,1.453738,2.154456,9.519383333,Nov (SWC = 9.3%),wet
11/12/20 1:00,1:00,1.4168596,1.964175,9.486866667,Nov (SWC = 9.3%),wet
11/12/20 2:00,2:00,1.395576,1.856028167,9.4582,Nov (SWC = 9.3%),wet
11/12/20 3:00,3:00,1.3802568,1.527006333,9.435083333,Nov (SWC = 9.3%),wet
11/12/20 4:00,4:00,1.3771108,1.765708833,9.440716667,Nov (SWC = 9.3%),wet
11/12/20 5:00,5:00,1.3561288,1.782284333,9.4279,Nov (SWC = 9.3%),wet
11/12/20 6:00,6:00,1.3344448,1.852193833,9.4122,Nov (SWC = 9.3%),wet
11/12/20 7:00,7:00,1.3640484,1.7242265,9.37405,Nov (SWC = 9.3%),wet
11/12/20 8:00,8:00,1.4568684,2.610400333,9.378866667,Nov (SWC = 9.3%),wet
11/12/20 9:00,9:00,1.5523248,6.757484667,9.370866667,Nov (SWC = 9.3%),wet
11/12/20 10:00,10:00,1.7914416,11.55847667,9.375683333,Nov (SWC = 9.3%),wet
11/12/20 11:00,11:00,2.0442344,15.7909,9.38435,Nov (SWC = 9.3%),wet
11/12/20 12:00,12:00,2.1888204,17.39066333,9.405683333,Nov (SWC = 9.3%),wet
11/12/20 13:00,13:00,2.3028772,18.87748333,9.413533333,Nov (SWC = 9.3%),wet
11/12/20 14:00,14:00,2.2704604,19.26374833,9.439833333,Nov (SWC = 9.3%),wet
11/12/20 15:00,15:00,2.249546,18.671575,9.485683333,Nov (SWC = 9.3%),wet
11/12/20 16:00,16:00,2.1061456,17.35545667,9.479083333,Nov (SWC = 9.3%),wet
11/12/20 17:00,17:00,1.9534944,13.676855,9.485966667,Nov (SWC = 9.3%),wet
11/12/20 18:00,18:00,1.7962776,8.578178667,9.485966667,Nov (SWC = 9.3%),wet
11/12/20 19:00,19:00,1.6610464,6.1228065,9.4693,Nov (SWC = 9.3%),wet
11/12/20 20:00,20:00,1.6269656,6.054357167,9.448633333,Nov (SWC = 9.3%),wet
11/12/20 21:00,21:00,1.6104764,5.595270167,9.440783333,Nov (SWC = 9.3%),wet
11/12/20 22:00,22:00,1.5700672,5.005459667,9.414483333,Nov (SWC = 9.3%),wet
11/12/20 23:00,23:00,1.5157428,4.594362,9.42055,Nov (SWC = 9.3%),wet
11/13/20 0:00,0:00,1.4316276,4.063657667,9.392183333,Nov (SWC = 9.3%),wet
11/13/20 1:00,1:00,1.4336296,3.339859167,9.371516667,Nov (SWC = 9.3%),wet
11/13/20 2:00,2:00,1.3611364,2.843559833,9.34685,Nov (SWC = 9.3%),wet
11/13/20 3:00,3:00,1.386372,2.679522333,9.339,Nov (SWC = 9.3%),wet
11/13/20 4:00,4:00,1.336972,1.638065333,9.318333333,Nov (SWC = 9.3%),wet
11/13/20 5:00,5:00,1.2160252,0.838864667,9.299216667,Nov (SWC = 9.3%),wet
11/13/20 6:00,6:00,1.1989328,1.002461667,9.275366667,Nov (SWC = 9.3%),wet
11/13/20 7:00,7:00,1.2523628,0.747257,9.239,Nov (SWC = 9.3%),wet
11/13/20 8:00,8:00,1.351636,2.247328167,9.2547,Nov (SWC = 9.3%),wet
11/13/20 9:00,9:00,1.4145196,6.186355,9.235,Nov (SWC = 9.3%),wet
11/13/20 10:00,10:00,1.6593512,10.90485,9.235816667,Nov (SWC = 9.3%),wet
11/13/20 11:00,11:00,1.8168748,14.57145,9.251516667,Nov (SWC = 9.3%),wet
11/13/20 12:00,12:00,1.9819176,16.36884667,9.25315,Nov (SWC = 9.3%),wet
11/13/20 13:00,13:00,2.0347288,18.03927833,9.266783333,Nov (SWC = 9.3%),wet
11/13/20 14:00,14:00,2.020512,18.55670333,9.299966667,Nov (SWC = 9.3%),wet
11/13/20 15:00,15:00,2.053324,17.93467167,9.337966667,Nov (SWC = 9.3%),wet
11/13/20 16:00,16:00,1.9321796,16.012875,9.344033333,Nov (SWC = 9.3%),wet
11/13/20 17:00,17:00,1.7601272,12.326355,9.34885,Nov (SWC = 9.3%),wet
11/13/20 18:00,18:00,1.6278444,8.432534167,9.339883333,Nov (SWC = 9.3%),wet
11/13/20 19:00,19:00,1.4866852,5.7871175,9.327216667,Nov (SWC = 9.3%),wet
11/13/20 20:00,20:00,1.4902212,4.604732833,9.321433333,Nov (SWC = 9.3%),wet
11/13/20 21:00,21:00,1.3932256,4.032812167,9.2804,Nov (SWC = 9.3%),wet
11/13/20 22:00,22:00,1.451242,3.441018333,9.262766667,Nov (SWC = 9.3%),wet
11/13/20 23:00,23:00,1.3720148,2.733512333,9.2501,Nov (SWC = 9.3%),wet
11/14/20 0:00,0:00,1.3159328,2.112116,9.233433333,Nov (SWC = 9.3%),wet
11/14/20 1:00,1:00,1.2653888,2.204357667,9.212766667,Nov (SWC = 9.3%),wet
11/14/20 2:00,2:00,1.2182196,1.885324167,9.220616667,Nov (SWC = 9.3%),wet
11/14/20 3:00,3:00,1.24644,1.219587667,9.178616667,Nov (SWC = 9.3%),wet
11/14/20 4:00,4:00,1.16987,0.703028167,9.157133333,Nov (SWC = 9.3%),wet
11/14/20 5:00,5:00,1.1733124,1.282435167,9.152983333,Nov (SWC = 9.3%),wet
11/14/20 6:00,6:00,1.1555804,1.290149333,9.116616667,Nov (SWC = 9.3%),wet
11/14/20 7:00,7:00,1.212952,1.3283745,9.102983333,Nov (SWC = 9.3%),wet
11/14/20 8:00,8:00,1.310218,2.467426833,9.099133333,Nov (SWC = 9.3%),wet
11/14/20 9:00,9:00,1.3117104,6.915226833,9.075583333,Nov (SWC = 9.3%),wet
11/14/20 10:00,10:00,1.5643576,13.78392667,9.092916667,Nov (SWC = 9.3%),wet
11/14/20 11:00,11:00,1.6451084,18.40275667,9.139733333,Nov (SWC = 9.3%),wet
11/14/20 12:00,12:00,1.8580328,19.97584333,9.13655,Nov (SWC = 9.3%),wet
11/14/20 13:00,13:00,1.8892536,20.83680833,9.145216667,Nov (SWC = 9.3%),wet
11/14/20 14:00,14:00,1.8887284,19.99288667,9.1824,Nov (SWC = 9.3%),wet
11/14/20 15:00,15:00,1.8603884,19.155925,9.199066667,Nov (SWC = 9.3%),wet
11/14/20 16:00,16:00,1.7516044,18.17496,9.222616667,Nov (SWC = 9.3%),wet
11/14/20 17:00,17:00,1.6733132,14.72740833,9.227283333,Nov (SWC = 9.3%),wet
11/14/20 18:00,18:00,1.5797392,11.074395,9.226466667,Nov (SWC = 9.3%),wet
11/14/20 19:00,19:00,1.4803828,10.02787667,9.204833333,Nov (SWC = 9.3%),wet
11/14/20 20:00,20:00,1.4619436,9.755501667,9.1912,Nov (SWC = 9.3%),wet
11/14/20 21:00,21:00,1.430884,9.715688333,9.170683333,Nov (SWC = 9.3%),wet
11/14/20 22:00,22:00,1.4908244,9.432476667,9.17675,Nov (SWC = 9.3%),wet
11/14/20 23:00,23:00,1.4456208,9.287973333,9.165716667,Nov (SWC = 9.3%),wet
11/15/20 0:00,0:00,1.4170416,8.8704155,9.131566667,Nov (SWC = 9.3%),wet
11/15/20 1:00,1:00,1.376258,8.9713125,9.136233333,Nov (SWC = 9.3%),wet
11/15/20 2:00,2:00,1.3793416,8.5280525,9.11475,Nov (SWC = 9.3%),wet
11/15/20 3:00,3:00,1.3937716,8.3585775,9.077716667,Nov (SWC = 9.3%),wet
11/15/20 4:00,4:00,1.3663572,8.595014667,9.0569,Nov (SWC = 9.3%),wet
11/15/20 5:00,5:00,1.3089336,8.172088667,9.052083333,Nov (SWC = 9.3%),wet
11/15/20 6:00,6:00,1.3465088,7.692106333,9.060083333,Nov (SWC = 9.3%),wet
11/15/20 7:00,7:00,1.3017472,7.091928,9.043266667,Nov (SWC = 9.3%),wet
11/15/20 8:00,8:00,1.3927472,8.263909167,9.023416667,Nov (SWC = 9.3%),wet
11/15/20 9:00,9:00,1.438242,12.25567,9.023416667,Nov (SWC = 9.3%),wet
11/15/20 10:00,10:00,1.5792972,16.784095,9.0146,Nov (SWC = 9.3%),wet
11/15/20 11:00,11:00,1.7482764,20.80256667,9.032083333,Nov (SWC = 9.3%),wet
11/15/20 12:00,12:00,1.9038656,22.49271167,9.050383333,Nov (SWC = 9.3%),wet
11/15/20 13:00,13:00,1.9415032,23.54424167,9.076533333,Nov (SWC = 9.3%),wet
11/15/20 14:00,14:00,1.9403332,23.32655,9.098016667,Nov (SWC = 9.3%),wet
11/15/20 15:00,15:00,1.927874,22.20473,9.102833333,Nov (SWC = 9.3%),wet
11/15/20 16:00,16:00,1.8634616,20.51339333,9.134233333,Nov (SWC = 9.3%),wet
11/15/20 17:00,17:00,1.8453396,16.87612667,9.129416667,Nov (SWC = 9.3%),wet
11/15/20 18:00,18:00,1.6392428,12.76975333,9.141116667,Nov (SWC = 9.3%),wet
11/15/20 19:00,19:00,1.6281772,12.104545,9.107783333,Nov (SWC = 9.3%),wet
11/15/20 20:00,20:00,1.5518932,13.08539833,9.111633333,Nov (SWC = 9.3%),wet
11/15/20 21:00,21:00,1.5585648,13.24973167,9.09415,Nov (SWC = 9.3%),wet
11/15/20 22:00,22:00,1.5167152,12.88441833,9.085333333,Nov (SWC = 9.3%),wet
11/15/20 23:00,23:00,1.5063828,13.111505,9.065333333,Nov (SWC = 9.3%),wet
12/12/20 0:00,0:00,0.5046132,0.196486,5.605583333,Dec (SWC = 5.5%),wet
12/12/20 1:00,1:00,0.4991896,-0.086779333,5.594983333,Dec (SWC = 5.5%),wet
12/12/20 2:00,2:00,0.5169372,-0.288084333,5.587283333,Dec (SWC = 5.5%),wet
12/12/20 3:00,3:00,0.5268536,-0.431365,5.571433333,Dec (SWC = 5.5%),wet
12/12/20 4:00,4:00,0.4966104,0.253078,5.567433333,Dec (SWC = 5.5%),wet
12/12/20 5:00,5:00,0.51896,0.7388615,5.555733333,Dec (SWC = 5.5%),wet
12/12/20 6:00,6:00,0.4873388,-0.494552333,5.546916667,Dec (SWC = 5.5%),wet
12/12/20 7:00,7:00,0.4935528,-0.534786667,5.542916667,Dec (SWC = 5.5%),wet
12/12/20 8:00,8:00,0.4649112,2.730495667,5.551733333,Dec (SWC = 5.5%),wet
12/12/20 9:00,9:00,0.5141968,5.970712333,5.551733333,Dec (SWC = 5.5%),wet
12/12/20 10:00,10:00,0.6028776,8.0386505,5.551733333,Dec (SWC = 5.5%),wet
12/12/20 11:00,11:00,0.5539248,10.19961833,5.571583333,Dec (SWC = 5.5%),wet
12/12/20 12:00,12:00,0.511836,9.088446667,5.578183333,Dec (SWC = 5.5%),wet
12/12/20 13:00,13:00,0.5292976,7.397696167,5.574183333,Dec (SWC = 5.5%),wet
12/12/20 14:00,14:00,0.5393856,7.814431333,5.609583333,Dec (SWC = 5.5%),wet
12/12/20 15:00,15:00,0.5089708,7.997321833,5.619216667,Dec (SWC = 5.5%),wet
12/12/20 16:00,16:00,0.5029544,7.101869833,5.624033333,Dec (SWC = 5.5%),wet
12/12/20 17:00,17:00,0.502242,4.965655333,5.615216667,Dec (SWC = 5.5%),wet
12/12/20 18:00,18:00,0.5077592,5.3142715,5.619216667,Dec (SWC = 5.5%),wet
12/12/20 19:00,19:00,0.488358,5.924596333,5.624033333,Dec (SWC = 5.5%),wet
12/12/20 20:00,20:00,0.4946032,5.823789667,5.599516667,Dec (SWC = 5.5%),wet
12/12/20 21:00,21:00,0.4546152,5.514400833,5.605583333,Dec (SWC = 5.5%),wet
12/12/20 22:00,22:00,0.4811664,5.442567833,5.589883333,Dec (SWC = 5.5%),wet
12/12/20 23:00,23:00,0.4607096,5.1931935,5.585883333,Dec (SWC = 5.5%),wet
12/13/20 0:00,0:00,0.4473456,4.9240545,5.588916667,Dec (SWC = 5.5%),wet
12/13/20 1:00,1:00,0.4749784,3.5132155,5.571433333,Dec (SWC = 5.5%),wet
12/13/20 2:00,2:00,0.4471844,2.799181,5.555583333,Dec (SWC = 5.5%),wet
12/13/20 3:00,3:00,0.428298,1.593127167,5.551733333,Dec (SWC = 5.5%),wet
12/13/20 4:00,4:00,0.421538,1.615413,5.558766667,Dec (SWC = 5.5%),wet
12/13/20 5:00,5:00,0.4353648,1.680847833,5.5381,Dec (SWC = 5.5%),wet
12/13/20 6:00,6:00,0.4436952,1.931580167,5.524033333,Dec (SWC = 5.5%),wet
12/13/20 7:00,7:00,0.421408,2.697568,5.523216667,Dec (SWC = 5.5%),wet
12/13/20 8:00,8:00,0.4231656,4.333754167,5.542916667,Dec (SWC = 5.5%),wet
12/13/20 9:00,9:00,0.4739956,7.715426333,5.531066667,Dec (SWC = 5.5%),wet
12/13/20 10:00,10:00,0.4954352,11.07556833,5.5461,Dec (SWC = 5.5%),wet
12/13/20 11:00,11:00,0.5238896,15.19551167,5.55655,Dec (SWC = 5.5%),wet
12/13/20 12:00,12:00,0.5168176,16.92015833,5.561366667,Dec (SWC = 5.5%),wet
12/13/20 13:00,13:00,0.5188664,17.45178,5.5867,Dec (SWC = 5.5%),wet
12/13/20 14:00,14:00,0.556764,16.86261667,5.600333333,Dec (SWC = 5.5%),wet
12/13/20 15:00,15:00,0.5142176,15.22954833,5.621666667,Dec (SWC = 5.5%),wet
12/13/20 16:00,16:00,0.4936776,11.66566,5.619883333,Dec (SWC = 5.5%),wet
12/13/20 17:00,17:00,0.5072704,7.915303167,5.6247,Dec (SWC = 5.5%),wet
12/13/20 18:00,18:00,0.4843644,4.285049667,5.604183333,Dec (SWC = 5.5%),wet
12/13/20 19:00,19:00,0.5429632,2.812040667,5.59055,Dec (SWC = 5.5%),wet
12/13/20 20:00,20:00,0.4793048,2.893231333,5.573066667,Dec (SWC = 5.5%),wet
12/13/20 21:00,21:00,0.4995224,2.581466,5.577066667,Dec (SWC = 5.5%),wet
12/13/20 22:00,22:00,0.5144464,2.123479167,5.573066667,Dec (SWC = 5.5%),wet
12/13/20 23:00,23:00,0.5028816,2.7806925,5.573066667,Dec (SWC = 5.5%),wet
12/14/20 0:00,0:00,0.4917744,2.7278275,5.573066667,Dec (SWC = 5.5%),wet
12/14/20 1:00,1:00,0.4510688,2.1865035,5.5444,Dec (SWC = 5.5%),wet
12/14/20 2:00,2:00,0.4653584,4.321075,5.559433333,Dec (SWC = 5.5%),wet
12/14/20 3:00,3:00,0.4388852,5.571331,5.547583333,Dec (SWC = 5.5%),wet
12/14/20 4:00,4:00,0.43706,5.5619005,5.5444,Dec (SWC = 5.5%),wet
12/14/20 5:00,5:00,0.4367428,4.776163833,5.538766667,Dec (SWC = 5.5%),wet
12/14/20 6:00,6:00,0.4610112,4.585231833,5.53395,Dec (SWC = 5.5%),wet
12/14/20 7:00,7:00,0.448136,4.426981667,5.534916667,Dec (SWC = 5.5%),wet
12/14/20 8:00,8:00,0.4617028,5.355190333,5.534916667,Dec (SWC = 5.5%),wet
12/14/20 9:00,9:00,0.5038904,5.9716455,5.531733333,Dec (SWC = 5.5%),wet
12/14/20 10:00,10:00,0.477178,6.521957333,5.538766667,Dec (SWC = 5.5%),wet
12/14/20 11:00,11:00,0.5127928,9.6367835,5.561066667,Dec (SWC = 5.5%),wet
12/14/20 12:00,12:00,0.5064956,12.52113,5.5747,Dec (SWC = 5.5%),wet
12/14/20 13:00,13:00,0.5204836,13.29023,5.587516667,Dec (SWC = 5.5%),wet
12/14/20 14:00,14:00,0.52182,12.941135,5.596333333,Dec (SWC = 5.5%),wet
12/14/20 15:00,15:00,0.5143268,11.41947167,5.604183333,Dec (SWC = 5.5%),wet
12/14/20 16:00,16:00,0.4669496,8.008164333,5.592333333,Dec (SWC = 5.5%),wet
12/14/20 17:00,17:00,0.452842,3.937913167,5.581733333,Dec (SWC = 5.5%),wet
12/14/20 18:00,18:00,0.447746,1.057188,5.572766667,Dec (SWC = 5.5%),wet
12/14/20 19:00,19:00,0.4504344,-0.083040167,5.5444,Dec (SWC = 5.5%),wet
12/14/20 20:00,20:00,0.479414,-0.512071667,5.537516667,Dec (SWC = 5.5%),wet
12/14/20 21:00,21:00,0.46592,1.038128833,5.53655,Dec (SWC = 5.5%),wet
12/14/20 22:00,22:00,0.4546932,3.762417167,5.531733333,Dec (SWC = 5.5%),wet
12/14/20 23:00,23:00,0.4573764,3.7359945,5.51425,Dec (SWC = 5.5%),wet
12/15/20 0:00,0:00,0.4433104,3.8160735,5.515066667,Dec (SWC = 5.5%),wet
12/15/20 1:00,1:00,0.4195516,3.334510167,5.51025,Dec (SWC = 5.5%),wet
12/15/20 2:00,2:00,0.4176796,3.064874167,5.5024,Dec (SWC = 5.5%),wet
12/15/20 3:00,3:00,0.418366,3.193187833,5.4867,Dec (SWC = 5.5%),wet
12/15/20 4:00,4:00,0.448136,3.254382,5.481883333,Dec (SWC = 5.5%),wet
12/15/20 5:00,5:00,0.4287348,3.530568167,5.474033333,Dec (SWC = 5.5%),wet
12/15/20 6:00,6:00,0.4164108,3.203083667,5.4644,Dec (SWC = 5.5%),wet
12/15/20 7:00,7:00,0.4283708,3.3654895,5.473066667,Dec (SWC = 5.5%),wet
12/15/20 8:00,8:00,0.4331704,4.7544685,5.4761,Dec (SWC = 5.5%),wet
12/15/20 9:00,9:00,0.4711096,7.5455975,5.4684,Dec (SWC = 5.5%),wet
12/15/20 10:00,10:00,0.468416,10.39790333,5.49455,Dec (SWC = 5.5%),wet
12/15/20 11:00,11:00,0.4577352,13.03021,5.493733333,Dec (SWC = 5.5%),wet
12/15/20 12:00,12:00,0.4707248,14.29838833,5.511216667,Dec (SWC = 5.5%),wet
12/15/20 13:00,13:00,0.4887376,13.90044333,5.531733333,Dec (SWC = 5.5%),wet
12/15/20 14:00,14:00,0.4799184,13.08174667,5.531733333,Dec (SWC = 5.5%),wet
12/15/20 15:00,15:00,0.4851236,11.293165,5.531733333,Dec (SWC = 5.5%),wet
12/15/20 16:00,16:00,0.4337944,8.769118833,5.531733333,Dec (SWC = 5.5%),wet
12/15/20 17:00,17:00,0.4435132,6.480649667,5.527733333,Dec (SWC = 5.5%),wet
12/15/20 18:00,18:00,0.4771156,5.181200833,5.527733333,Dec (SWC = 5.5%),wet
12/15/20 19:00,19:00,0.4228068,5.322776,5.519883333,Dec (SWC = 5.5%),wet
12/15/20 20:00,20:00,0.4357496,5.413324,5.523733333,Dec (SWC = 5.5%),wet
12/15/20 21:00,21:00,0.4347876,4.2252335,5.511883333,Dec (SWC = 5.5%),wet
12/15/20 22:00,22:00,0.4260412,2.231158167,5.49455,Dec (SWC = 5.5%),wet
12/15/20 23:00,23:00,0.4536324,1.935066167,5.485733333,Dec (SWC = 5.5%),wet
12/16/20 0:00,0:00,0.4393948,1.225603,5.473066667,Dec (SWC = 5.5%),wet
12/16/20 1:00,1:00,0.4140032,2.267963,5.45625,Dec (SWC = 5.5%),wet
12/16/20 2:00,2:00,0.4435756,1.455242333,5.43655,Dec (SWC = 5.5%),wet
12/16/20 3:00,3:00,0.4204512,1.181355167,5.431733333,Dec (SWC = 5.5%),wet
12/16/20 4:00,4:00,0.4387708,2.964337167,5.434916667,Dec (SWC = 5.5%),wet
12/16/20 5:00,5:00,0.4147676,3.674806,5.434916667,Dec (SWC = 5.5%),wet
12/16/20 6:00,6:00,0.420186,3.568719333,5.430916667,Dec (SWC = 5.5%),wet
12/16/20 7:00,7:00,0.4156464,4.572855667,5.4221,Dec (SWC = 5.5%),wet
12/16/20 8:00,8:00,0.4115852,7.361727,5.4221,Dec (SWC = 5.5%),wet
12/16/20 9:00,9:00,0.4559256,11.22014733,5.435733333,Dec (SWC = 5.5%),wet
12/16/20 10:00,10:00,0.4664348,14.87861,5.449366667,Dec (SWC = 5.5%),wet
12/16/20 11:00,11:00,0.539786,17.29071,5.441366667,Dec (SWC = 5.5%),wet
12/16/20 12:00,12:00,0.5171868,18.12323,5.47085,Dec (SWC = 5.5%),wet
12/16/20 13:00,13:00,0.508066,19.43761,5.511883333,Dec (SWC = 5.5%),wet
12/16/20 14:00,14:00,0.5133128,19.62052667,5.537366667,Dec (SWC = 5.5%),wet
12/16/20 15:00,15:00,0.4857996,17.54506167,5.537366667,Dec (SWC = 5.5%),wet
12/16/20 16:00,16:00,0.5025332,13.47718833,5.529366667,Dec (SWC = 5.5%),wet
12/16/20 17:00,17:00,0.4766996,8.491432667,5.529366667,Dec (SWC = 5.5%),wet
12/16/20 18:00,18:00,0.46865,5.794906667,5.521516667,Dec (SWC = 5.5%),wet
12/16/20 19:00,19:00,0.47437,4.144601333,5.5284,Dec (SWC = 5.5%),wet
12/16/20 20:00,20:00,0.4557488,3.667734167,5.5167,Dec (SWC = 5.5%),wet
12/16/20 21:00,21:00,0.4635228,3.4778755,5.495366667,Dec (SWC = 5.5%),wet
12/16/20 22:00,22:00,0.469768,2.979537333,5.499216667,Dec (SWC = 5.5%),wet
12/16/20 23:00,23:00,0.4506216,2.7033685,5.504033333,Dec (SWC = 5.5%),wet
1/4/21 0:00,0:00,1.0721048,4.947027333,14.61593333,Jan (SWC = 14%),wet
1/4/21 1:00,1:00,1.104792,2.602206833,14.60051667,Jan (SWC = 14%),wet
1/4/21 2:00,2:00,1.0581012,1.906088167,14.60451667,Jan (SWC = 14%),wet
1/4/21 3:00,3:00,0.99736,1.766590167,14.59791667,Jan (SWC = 14%),wet
1/4/21 4:00,4:00,1.0618452,2.2587665,14.56391667,Jan (SWC = 14%),wet
1/4/21 5:00,5:00,1.0314304,2.652496667,14.53361667,Jan (SWC = 14%),wet
1/4/21 6:00,6:00,1.0251332,1.758318333,14.52538333,Jan (SWC = 14%),wet
1/4/21 7:00,7:00,0.9873448,1.826202667,14.52538333,Jan (SWC = 14%),wet
1/4/21 8:00,8:00,1.0569364,4.524767167,14.49798333,Jan (SWC = 14%),wet
1/4/21 9:00,9:00,1.1347908,8.313403,14.49398333,Jan (SWC = 14%),wet
1/4/21 10:00,10:00,1.2293736,12.41743667,14.49426667,Jan (SWC = 14%),wet
1/4/21 11:00,11:00,1.5486744,14.95932333,14.51093333,Jan (SWC = 14%),wet
1/4/21 12:00,12:00,1.627132,16.14799167,14.53848333,Jan (SWC = 14%),wet
1/4/21 13:00,13:00,1.7392908,16.85922,14.54648333,Jan (SWC = 14%),wet
1/4/21 14:00,14:00,1.6086876,16.55240667,14.54166667,Jan (SWC = 14%),wet
1/4/21 15:00,15:00,1.504178,14.72252333,14.53603333,Jan (SWC = 14%),wet
1/4/21 16:00,16:00,1.5139696,11.10080833,14.53328333,Jan (SWC = 14%),wet
1/4/21 17:00,17:00,1.3409552,7.136230833,14.52846667,Jan (SWC = 14%),wet
1/4/21 18:00,18:00,1.2811032,3.7830205,14.53565,Jan (SWC = 14%),wet
1/4/21 19:00,19:00,1.1916268,2.695430333,14.51335,Jan (SWC = 14%),wet
1/4/21 20:00,20:00,1.2386348,2.2181875,14.48045,Jan (SWC = 14%),wet
1/4/21 21:00,21:00,1.2004304,2.665864,14.47578333,Jan (SWC = 14%),wet
1/4/21 22:00,22:00,1.1351496,3.335341667,14.48845,Jan (SWC = 14%),wet
1/4/21 23:00,23:00,1.0866596,2.568808333,14.43503333,Jan (SWC = 14%),wet
1/5/21 0:00,0:00,1.1775348,1.349165167,14.39481667,Jan (SWC = 14%),wet
1/5/21 1:00,1:00,1.107132,0.548679833,14.39178333,Jan (SWC = 14%),wet
1/5/21 2:00,2:00,1.119482,1.788243167,14.3677,Jan (SWC = 14%),wet
1/5/21 3:00,3:00,1.0886616,2.579224833,14.34155,Jan (SWC = 14%),wet
1/5/21 4:00,4:00,1.0574096,1.533836,14.2994,Jan (SWC = 14%),wet
1/5/21 5:00,5:00,1.0565256,2.233767667,14.28316667,Jan (SWC = 14%),wet
1/5/21 6:00,6:00,1.0002824,0.486517167,14.2822,Jan (SWC = 14%),wet
1/5/21 7:00,7:00,0.9829352,-0.179166667,14.24738333,Jan (SWC = 14%),wet
1/5/21 8:00,8:00,1.0822708,2.365530167,14.2376,Jan (SWC = 14%),wet
1/5/21 9:00,9:00,1.09122,6.7769635,14.21886667,Jan (SWC = 14%),wet
1/5/21 10:00,10:00,1.233596,12.41712,14.22753333,Jan (SWC = 14%),wet
1/5/21 11:00,11:00,1.4891656,16.007075,14.21101667,Jan (SWC = 14%),wet
1/5/21 12:00,12:00,1.6007108,17.584495,14.23635,Jan (SWC = 14%),wet
1/5/21 13:00,13:00,1.7172532,18.45036,14.25908333,Jan (SWC = 14%),wet
1/5/21 14:00,14:00,1.7113356,18.06736167,14.25908333,Jan (SWC = 14%),wet
1/5/21 15:00,15:00,1.612754,15.91875,14.27381667,Jan (SWC = 14%),wet
1/5/21 16:00,16:00,1.5838264,12.00310333,14.26803333,Jan (SWC = 14%),wet
1/5/21 17:00,17:00,1.3376584,7.547395833,14.26558333,Jan (SWC = 14%),wet
1/5/21 18:00,18:00,1.2754664,5.424362833,14.23321667,Jan (SWC = 14%),wet
1/5/21 19:00,19:00,1.2381252,6.179876333,14.23061667,Jan (SWC = 14%),wet
1/5/21 20:00,20:00,1.2226084,7.319263333,14.21313333,Jan (SWC = 14%),wet
1/5/21 21:00,21:00,1.2323532,7.019406167,14.17195,Jan (SWC = 14%),wet
1/5/21 22:00,22:00,1.1995828,6.371839,14.19001667,Jan (SWC = 14%),wet
1/5/21 23:00,23:00,1.1591372,6.445958333,14.15668333,Jan (SWC = 14%),wet
1/6/21 0:00,0:00,1.3207376,6.175148833,14.12653333,Jan (SWC = 14%),wet
1/6/21 1:00,1:00,1.0966904,6.029735833,14.1012,Jan (SWC = 14%),wet
1/6/21 2:00,2:00,1.0929516,6.510442333,14.0866,Jan (SWC = 14%),wet
1/6/21 3:00,3:00,1.202318,6.906581833,14.08275,Jan (SWC = 14%),wet
1/6/21 4:00,4:00,1.186744,6.526813167,14.06348333,Jan (SWC = 14%),wet
1/6/21 5:00,5:00,1.2268568,5.423593167,14.0263,Jan (SWC = 14%),wet
1/6/21 6:00,6:00,1.2036024,5.288716333,14.01045,Jan (SWC = 14%),wet
1/6/21 7:00,7:00,1.1712532,5.698085167,14.0117,Jan (SWC = 14%),wet
1/6/21 8:00,8:00,1.15765,7.747501833,13.99518333,Jan (SWC = 14%),wet
1/6/21 9:00,9:00,1.2161032,10.95840667,13.98155,Jan (SWC = 14%),wet
1/6/21 10:00,10:00,1.3341276,16.49763333,13.99421667,Jan (SWC = 14%),wet
1/6/21 11:00,11:00,1.4754844,17.76473833,13.9817,Jan (SWC = 14%),wet
1/6/21 12:00,12:00,1.694758,18.178905,13.97991667,Jan (SWC = 14%),wet
1/6/21 13:00,13:00,1.8336084,19.24247,14.00828333,Jan (SWC = 14%),wet
1/6/21 14:00,14:00,1.6985904,18.837925,14.00525,Jan (SWC = 14%),wet
1/6/21 15:00,15:00,1.6081832,16.83488167,14.01998333,Jan (SWC = 14%),wet
1/6/21 16:00,16:00,1.550692,13.10746833,13.99768333,Jan (SWC = 14%),wet
1/6/21 17:00,17:00,1.4230632,8.203862,13.98405,Jan (SWC = 14%),wet
1/6/21 18:00,18:00,1.324752,5.9693265,13.99026667,Jan (SWC = 14%),wet
1/6/21 19:00,19:00,1.3716976,5.962262667,13.95226667,Jan (SWC = 14%),wet
1/6/21 20:00,20:00,1.2561692,4.558364833,13.94278333,Jan (SWC = 14%),wet
1/6/21 21:00,21:00,1.1820328,2.920736,13.9173,Jan (SWC = 14%),wet
1/6/21 22:00,22:00,1.2517128,2.724796,13.88811667,Jan (SWC = 14%),wet
1/6/21 23:00,23:00,1.2388688,2.724434833,13.86936667,Jan (SWC = 14%),wet
1/7/21 0:00,0:00,1.1404796,2.910782167,13.85988333,Jan (SWC = 14%),wet
1/7/21 1:00,1:00,1.1386024,2.437391833,13.8384,Jan (SWC = 14%),wet
1/7/21 2:00,2:00,1.2024064,2.581321833,13.8044,Jan (SWC = 14%),wet
1/7/21 3:00,3:00,1.0633272,1.575364333,13.79255,Jan (SWC = 14%),wet
1/7/21 4:00,4:00,1.0524852,1.143157333,13.76625,Jan (SWC = 14%),wet
1/7/21 5:00,5:00,1.0958116,1.092540833,13.74476667,Jan (SWC = 14%),wet
1/7/21 6:00,6:00,1.0622664,1.712193667,13.6784,Jan (SWC = 14%),wet
1/7/21 7:00,7:00,0.97851,2.1487755,13.66476667,Jan (SWC = 14%),wet
1/7/21 8:00,8:00,1.0168808,4.193488833,13.65995,Jan (SWC = 14%),wet
1/7/21 9:00,9:00,1.0904712,9.333998167,13.68225,Jan (SWC = 14%),wet
1/7/21 10:00,10:00,1.1845288,13.85891833,13.6598,Jan (SWC = 14%),wet
1/7/21 11:00,11:00,1.4004432,16.67095167,13.66076667,Jan (SWC = 14%),wet
1/7/21 12:00,12:00,1.5298036,18.51146167,13.6441,Jan (SWC = 14%),wet
1/7/21 13:00,13:00,1.5098928,17.762255,13.6795,Jan (SWC = 14%),wet
1/7/21 14:00,14:00,1.6010332,16.178745,13.68595,Jan (SWC = 14%),wet
1/7/21 15:00,15:00,1.5389088,15.43925833,13.68735,Jan (SWC = 14%),wet
1/7/21 16:00,16:00,1.4181648,12.43675167,13.67371667,Jan (SWC = 14%),wet
1/7/21 17:00,17:00,1.369004,8.678564167,13.66201667,Jan (SWC = 14%),wet
1/7/21 18:00,18:00,1.2558468,6.947388667,13.66023333,Jan (SWC = 14%),wet
1/7/21 19:00,19:00,1.2761892,5.782609,13.63956667,Jan (SWC = 14%),wet
1/7/21 20:00,20:00,1.2293944,5.650364833,13.61726667,Jan (SWC = 14%),wet
1/7/21 21:00,21:00,1.188642,4.483967667,13.6086,Jan (SWC = 14%),wet
1/7/21 22:00,22:00,1.1633596,3.822498167,13.60296667,Jan (SWC = 14%),wet
1/7/21 23:00,23:00,1.091792,3.419317833,13.54705,Jan (SWC = 14%),wet
1/8/21 0:00,0:00,1.0653188,2.721460667,13.52585,Jan (SWC = 14%),wet
1/8/21 1:00,1:00,1.0403952,2.437491833,13.53385,Jan (SWC = 14%),wet
1/8/21 2:00,2:00,1.02635,2.361234333,13.51251667,Jan (SWC = 14%),wet
1/8/21 3:00,3:00,0.9865596,1.872631667,13.47118333,Jan (SWC = 14%),wet
1/8/21 4:00,4:00,1.0191896,1.209505333,13.4734,Jan (SWC = 14%),wet
1/8/21 5:00,5:00,1.0119668,1.977716333,13.43688333,Jan (SWC = 14%),wet
1/8/21 6:00,6:00,0.9574396,2.364350167,13.39281667,Jan (SWC = 14%),wet
1/8/21 7:00,7:00,1.0797384,1.904458167,13.40591667,Jan (SWC = 14%),wet
1/8/21 8:00,8:00,NA,3.351910667,13.29263333,Jan (SWC = 14%),wet
1/8/21 9:00,9:00,1.1425232,7.792787167,13.25805,Jan (SWC = 14%),wet
1/8/21 10:00,10:00,1.420913867,11.92170667,13.29488333,Jan (SWC = 14%),wet
1/8/21 11:00,11:00,1.425931867,15.31096333,13.1655,Jan (SWC = 14%),wet
1/8/21 12:00,12:00,1.605683733,17.24374,13.17913333,Jan (SWC = 14%),wet
1/8/21 13:00,13:00,1.645481067,17.73101667,13.2075,Jan (SWC = 14%),wet
1/8/21 14:00,14:00,1.702348267,18.19627,13.2075,Jan (SWC = 14%),wet
1/8/21 15:00,15:00,1.6345212,16.61619,13.20528333,Jan (SWC = 14%),wet
1/8/21 16:00,16:00,1.58535,12.73242,13.21713333,Jan (SWC = 14%),wet
1/8/21 17:00,17:00,1.528982,7.764009167,13.21216667,Jan (SWC = 14%),wet
1/8/21 18:00,18:00,1.351376,4.434691333,13.20653333,Jan (SWC = 14%),wet
1/8/21 19:00,19:00,1.206698133,4.454298667,13.17623333,Jan (SWC = 14%),wet
1/8/21 20:00,20:00,1.254818933,4.763737833,13.17075,Jan (SWC = 14%),wet
1/8/21 21:00,21:00,1.319685467,3.757977333,13.15105,Jan (SWC = 14%),wet
1/8/21 22:00,22:00,1.202238267,1.371274167,13.12696667,Jan (SWC = 14%),wet
1/8/21 23:00,23:00,1.255058133,0.860382833,13.10645,Jan (SWC = 14%),wet
2/1/21 0:00,0:00,1.005069867,6.974271333,20.82066667,Feb (SWC = 19%),wet
2/1/21 1:00,1:00,0.929350933,6.965141167,20.7594,Feb (SWC = 19%),wet
2/1/21 2:00,2:00,0.944073867,6.4959615,20.68873333,Feb (SWC = 19%),wet
2/1/21 3:00,3:00,0.9140352,6.949291,20.64398333,Feb (SWC = 19%),wet
2/1/21 4:00,4:00,0.908849067,7.025681167,20.59095,Feb (SWC = 19%),wet
2/1/21 5:00,5:00,0.879552267,7.188121,20.53213333,Feb (SWC = 19%),wet
2/1/21 6:00,6:00,0.962870133,6.644464667,20.49095,Feb (SWC = 19%),wet
2/1/21 7:00,7:00,0.9484176,6.468069,20.45583333,Feb (SWC = 19%),wet
2/1/21 8:00,8:00,1.02154,7.740381833,20.43213333,Feb (SWC = 19%),wet
2/1/21 9:00,9:00,1.118953333,10.21687167,20.38598333,Feb (SWC = 19%),wet
2/1/21 10:00,10:00,1.315301867,12.975515,20.38901667,Feb (SWC = 19%),wet
2/1/21 11:00,11:00,1.437182933,15.75653833,20.34783333,Feb (SWC = 19%),wet
2/1/21 12:00,12:00,1.533376,16.03379167,20.3525,Feb (SWC = 19%),wet
2/1/21 13:00,13:00,1.582470933,14.32806167,20.33086667,Feb (SWC = 19%),wet
2/1/21 14:00,14:00,1.572122933,14.59695667,20.29286667,Feb (SWC = 19%),wet
2/1/21 15:00,15:00,1.521526933,14.75179167,20.26835,Feb (SWC = 19%),wet
2/1/21 16:00,16:00,1.4128088,13.33274833,20.24368333,Feb (SWC = 19%),wet
2/1/21 17:00,17:00,1.2889448,11.31171667,20.23005,Feb (SWC = 19%),wet
2/1/21 18:00,18:00,1.331876,9.911758333,20.20375,Feb (SWC = 19%),wet
2/1/21 19:00,19:00,1.250866933,8.960401667,20.16641667,Feb (SWC = 19%),wet
2/1/21 20:00,20:00,1.2509016,8.560371667,20.14493333,Feb (SWC = 19%),wet
2/1/21 21:00,21:00,1.205353067,8.182705,20.14175,Feb (SWC = 19%),wet
2/1/21 22:00,22:00,1.184785333,7.564225,20.12108333,Feb (SWC = 19%),wet
2/1/21 23:00,23:00,1.2191504,7.4249315,20.08486667,Feb (SWC = 19%),wet
2/2/21 0:00,0:00,1.2853932,6.876028667,20.04753333,Feb (SWC = 19%),wet
2/2/21 1:00,1:00,1.171878933,7.619384167,20.01338333,Feb (SWC = 19%),wet
2/2/21 2:00,2:00,1.148218933,7.592554167,20.00938333,Feb (SWC = 19%),wet
2/2/21 3:00,3:00,1.1615552,6.999792167,19.97123333,Feb (SWC = 19%),wet
2/2/21 4:00,4:00,1.194027467,7.162410833,19.94353333,Feb (SWC = 19%),wet
2/2/21 5:00,5:00,1.122437333,6.969131833,19.93086667,Feb (SWC = 19%),wet
2/2/21 6:00,6:00,1.2163216,6.936050333,19.90538333,Feb (SWC = 19%),wet
2/2/21 7:00,7:00,1.2014496,7.451740833,19.86338333,Feb (SWC = 19%),wet
2/2/21 8:00,8:00,1.252589867,9.096276667,19.87205,Feb (SWC = 19%),wet
2/2/21 9:00,9:00,1.371396,12.08652167,19.84093333,Feb (SWC = 19%),wet
2/2/21 10:00,10:00,1.476855467,15.20198667,19.82508333,Feb (SWC = 19%),wet
2/2/21 11:00,11:00,1.7241744,16.73033667,19.84078333,Feb (SWC = 19%),wet
2/2/21 12:00,12:00,1.7204096,17.242635,19.80441667,Feb (SWC = 19%),wet
2/2/21 13:00,13:00,1.797750933,18.365855,19.81211667,Feb (SWC = 19%),wet
2/2/21 14:00,14:00,1.771074933,17.28223,19.79241667,Feb (SWC = 19%),wet
2/2/21 15:00,15:00,1.659680533,15.693785,19.80811667,Feb (SWC = 19%),wet
2/2/21 16:00,16:00,1.579631733,15.89512667,19.79945,Feb (SWC = 19%),wet
2/2/21 17:00,17:00,1.396276267,12.16211667,19.77618333,Feb (SWC = 19%),wet
2/2/21 18:00,18:00,1.339027733,8.296017333,19.73018333,Feb (SWC = 19%),wet
2/2/21 19:00,19:00,1.2275328,6.3370045,19.69603333,Feb (SWC = 19%),wet
2/2/21 20:00,20:00,1.310219733,5.498618167,19.67551667,Feb (SWC = 19%),wet
2/2/21 21:00,21:00,1.298817867,4.923587167,19.63721667,Feb (SWC = 19%),wet
2/2/21 22:00,22:00,1.0798736,4.867650333,19.5813,Feb (SWC = 19%),wet
2/2/21 23:00,23:00,1.202007733,4.265685667,19.55336667,Feb (SWC = 19%),wet
2/3/21 0:00,0:00,1.231377333,3.736387333,19.5247,Feb (SWC = 19%),wet
2/3/21 1:00,1:00,1.181363733,3.555615167,19.47085,Feb (SWC = 19%),wet
2/3/21 2:00,2:00,1.143476533,3.3240545,19.46425,Feb (SWC = 19%),wet
2/3/21 3:00,3:00,1.1076312,2.966932833,19.42388333,Feb (SWC = 19%),wet
2/3/21 4:00,4:00,1.059860533,2.7763455,19.38366667,Feb (SWC = 19%),wet
2/3/21 5:00,5:00,1.056248267,2.1050945,19.32803333,Feb (SWC = 19%),wet
2/3/21 6:00,6:00,1.010152,2.022464667,19.32803333,Feb (SWC = 19%),wet
2/3/21 7:00,7:00,1.0069904,2.6838025,19.29166667,Feb (SWC = 19%),wet
2/3/21 8:00,8:00,1.104663733,4.980028833,19.26521667,Feb (SWC = 19%),wet
2/3/21 9:00,9:00,1.169285867,9.097707333,19.229,Feb (SWC = 19%),wet
2/3/21 10:00,10:00,1.2392848,13.663815,19.20833333,Feb (SWC = 19%),wet
2/3/21 11:00,11:00,1.369631467,16.29227667,19.20833333,Feb (SWC = 19%),wet
2/3/21 12:00,12:00,1.899379733,18.25269833,19.20336667,Feb (SWC = 19%),wet
2/3/21 13:00,13:00,2.199364267,17.246735,19.18433333,Feb (SWC = 19%),wet
2/3/21 14:00,14:00,2.1484736,15.959635,19.21188333,Feb (SWC = 19%),wet
2/3/21 15:00,15:00,1.8811208,14.96956333,19.17085,Feb (SWC = 19%),wet
2/3/21 16:00,16:00,1.682830933,13.30647833,19.16506667,Feb (SWC = 19%),wet
2/3/21 17:00,17:00,1.4290536,9.735411667,19.12706667,Feb (SWC = 19%),wet
2/3/21 18:00,18:00,1.219913067,7.781253667,19.12046667,Feb (SWC = 19%),wet
2/3/21 19:00,19:00,1.234861333,6.435638667,19.06965,Feb (SWC = 19%),wet
2/3/21 20:00,20:00,1.0790936,5.227106,19.04513333,Feb (SWC = 19%),wet
2/3/21 21:00,21:00,1.101616533,3.310325333,18.97283333,Feb (SWC = 19%),wet
2/3/21 22:00,22:00,1.006737333,2.061342167,18.93646667,Feb (SWC = 19%),wet
2/3/21 23:00,23:00,0.952054133,1.447051167,18.9289,Feb (SWC = 19%),wet
2/4/21 0:00,0:00,0.9144304,0.286522333,18.87298333,Feb (SWC = 19%),wet
2/4/21 1:00,1:00,0.9122464,-0.490133333,18.81431667,Feb (SWC = 19%),wet
2/4/21 2:00,2:00,0.8784568,-1.093123667,18.79905,Feb (SWC = 19%),wet
2/4/21 3:00,3:00,0.843336,-1.607405667,18.75868333,Feb (SWC = 19%),wet
2/4/21 4:00,4:00,0.830498933,-1.363886167,18.7226,Feb (SWC = 19%),wet
2/4/21 5:00,5:00,0.818674133,-1.475405333,18.68541667,Feb (SWC = 19%),wet
2/4/21 6:00,6:00,0.7704424,-1.669087,18.62675,Feb (SWC = 19%),wet
2/4/21 7:00,7:00,0.7800104,-0.944612,18.58571667,Feb (SWC = 19%),wet
2/4/21 8:00,8:00,0.7702552,1.7767435,18.57771667,Feb (SWC = 19%),wet
2/4/21 9:00,9:00,0.8809424,6.9734395,18.53668333,Feb (SWC = 19%),wet
2/4/21 10:00,10:00,1.0470408,11.850625,18.5415,Feb (SWC = 19%),wet
2/4/21 11:00,11:00,1.214772,15.07578,18.5492,Feb (SWC = 19%),wet
2/4/21 12:00,12:00,1.402103733,17.01284,18.58016667,Feb (SWC = 19%),wet
2/4/21 13:00,13:00,1.6411564,17.95499167,18.56691667,Feb (SWC = 19%),wet
2/4/21 14:00,14:00,1.4940536,16.90600833,18.57905,Feb (SWC = 19%),wet
2/4/21 15:00,15:00,1.434302133,16.50561667,18.58083333,Feb (SWC = 19%),wet
2/4/21 16:00,16:00,1.332382133,14.80553333,18.60935,Feb (SWC = 19%),wet
2/4/21 17:00,17:00,1.499127067,10.08356833,18.57905,Feb (SWC = 19%),wet
2/4/21 18:00,18:00,1.090287467,5.4993515,18.56335,Feb (SWC = 19%),wet
2/4/21 19:00,19:00,1.0290488,3.405332,18.55593333,Feb (SWC = 19%),wet
2/4/21 20:00,20:00,0.9553232,1.923286667,18.52178333,Feb (SWC = 19%),wet
2/4/21 21:00,21:00,0.961961867,0.996380167,18.46956667,Feb (SWC = 19%),wet
2/4/21 22:00,22:00,0.914277867,0.470969667,18.41971667,Feb (SWC = 19%),wet
2/4/21 23:00,23:00,0.892212533,0.197103,18.42578333,Feb (SWC = 19%),wet
2/5/21 0:00,0:00,0.9112688,-0.186355333,18.35926667,Feb (SWC = 19%),wet
2/5/21 1:00,1:00,0.8864128,-0.1587,18.3466,Feb (SWC = 19%),wet
2/5/21 2:00,2:00,1.191900667,-0.168012,18.28408333,Feb (SWC = 19%),wet
2/5/21 3:00,3:00,0.885452533,-0.785510333,18.27511667,Feb (SWC = 19%),wet
2/5/21 4:00,4:00,0.939061067,1.2681975,18.22623333,Feb (SWC = 19%),wet
2/5/21 5:00,5:00,0.956065067,1.694991,18.20075,Feb (SWC = 19%),wet
2/5/21 6:00,6:00,0.902643733,1.267407833,18.17445,Feb (SWC = 19%),wet
2/5/21 7:00,7:00,1.22213,4.6804525,18.1626,Feb (SWC = 19%),wet
2/5/21 8:00,8:00,0.989074667,6.675523167,18.1389,Feb (SWC = 19%),wet
2/5/21 9:00,9:00,1.042603467,11.45821667,18.13311667,Feb (SWC = 19%),wet
2/5/21 10:00,10:00,1.161853333,15.56399667,18.11038333,Feb (SWC = 19%),wet
2/5/21 11:00,11:00,1.675446933,18.27406,18.12511667,Feb (SWC = 19%),wet
2/5/21 12:00,12:00,1.392494133,20.18178667,18.1269,Feb (SWC = 19%),wet
2/5/21 13:00,13:00,1.494830133,20.62557833,18.16186667,Feb (SWC = 19%),wet
2/5/21 14:00,14:00,1.664589333,19.555095,18.18416667,Feb (SWC = 19%),wet
2/5/21 15:00,15:00,1.5296736,18.17584,18.19986667,Feb (SWC = 19%),wet
2/5/21 16:00,16:00,1.3821912,15.87685667,18.1715,Feb (SWC = 19%),wet
2/5/21 17:00,17:00,1.292442667,11.33825817,18.16186667,Feb (SWC = 19%),wet
2/5/21 18:00,18:00,1.119525333,6.275274,18.12756667,Feb (SWC = 19%),wet
2/5/21 19:00,19:00,1.082737067,4.230663,18.12978333,Feb (SWC = 19%),wet
2/5/21 20:00,20:00,1.002171733,3.108610333,18.08956667,Feb (SWC = 19%),wet
2/5/21 21:00,21:00,1.037011733,2.623077833,18.06008333,Feb (SWC = 19%),wet
2/5/21 22:00,22:00,1.0431512,2.670208833,18.0426,Feb (SWC = 19%),wet
2/5/21 23:00,23:00,1.0385544,2.134765,18.0086,Feb (SWC = 19%),wet
3/5/21 0:00,0:00,1.505193733,5.87142,16.9519,Mar (SWC = 16 %),wet
3/5/21 1:00,1:00,1.466864533,6.0458795,16.91168333,Mar (SWC = 16 %),wet
3/5/21 2:00,2:00,1.489247067,5.986408167,16.84901667,Mar (SWC = 16 %),wet
3/5/21 3:00,3:00,1.5058992,5.813806667,16.85065,Mar (SWC = 16 %),wet
3/5/21 4:00,4:00,1.4160588,5.788901667,16.81071667,Mar (SWC = 16 %),wet
3/5/21 5:00,5:00,1.4051908,5.679042667,16.80656667,Mar (SWC = 16 %),wet
3/5/21 6:00,6:00,1.371512133,5.697434833,16.78123333,Mar (SWC = 16 %),wet
3/5/21 7:00,7:00,1.445244667,6.5716065,16.7596,Mar (SWC = 16 %),wet
3/5/21 8:00,8:00,1.567104933,9.2530095,16.71716667,Mar (SWC = 16 %),wet
3/5/21 9:00,9:00,1.773770267,12.52084833,16.72308333,Mar (SWC = 16 %),wet
3/5/21 10:00,10:00,1.961537067,15.50032667,16.69856667,Mar (SWC = 16 %),wet
3/5/21 11:00,11:00,2.154150267,18.5935,16.72293333,Mar (SWC = 16 %),wet
3/5/21 12:00,12:00,2.267000667,19.90276333,16.71493333,Mar (SWC = 16 %),wet
3/5/21 13:00,13:00,2.346933333,21.6778,16.73145,Mar (SWC = 16 %),wet
3/5/21 14:00,14:00,2.303884267,21.43801,16.7773,Mar (SWC = 16 %),wet
3/5/21 15:00,15:00,2.3499164,20.97442333,16.82151667,Mar (SWC = 16 %),wet
3/5/21 16:00,16:00,2.105951467,19.589725,16.8324,Mar (SWC = 16 %),wet
3/5/21 17:00,17:00,2.0279168,14.94266667,16.8101,Mar (SWC = 16 %),wet
3/5/21 18:00,18:00,1.873010533,9.457462,16.79246667,Mar (SWC = 16 %),wet
3/5/21 19:00,19:00,1.7445532,6.6366605,16.75225,Mar (SWC = 16 %),wet
3/5/21 20:00,20:00,1.685921467,5.259887667,16.7652,Mar (SWC = 16 %),wet
3/5/21 21:00,21:00,1.601489067,5.2143065,16.72401667,Mar (SWC = 16 %),wet
3/5/21 22:00,22:00,1.5650804,4.931645333,16.69068333,Mar (SWC = 16 %),wet
3/5/21 23:00,23:00,1.5853032,4.036756667,16.64386667,Mar (SWC = 16 %),wet
3/6/21 0:00,0:00,1.515371867,3.0314415,16.59868333,Mar (SWC = 16 %),wet
3/6/21 1:00,1:00,1.4629368,2.655322333,16.5812,Mar (SWC = 16 %),wet
3/6/21 2:00,2:00,1.453328933,1.981519667,16.55475,Mar (SWC = 16 %),wet
3/6/21 3:00,3:00,1.427120933,1.3276755,16.49608333,Mar (SWC = 16 %),wet
3/6/21 4:00,4:00,1.431327733,0.761155667,16.47156667,Mar (SWC = 16 %),wet
3/6/21 5:00,5:00,1.3562068,0.4659255,16.4392,Mar (SWC = 16 %),wet
3/6/21 6:00,6:00,1.322545467,0.0099285,16.40765,Mar (SWC = 16 %),wet
3/6/21 7:00,7:00,1.3715988,0.9197555,16.38741667,Mar (SWC = 16 %),wet
3/6/21 8:00,8:00,1.3398788,5.893802333,16.36853333,Mar (SWC = 16 %),wet
3/6/21 9:00,9:00,1.543672,11.79942333,16.34386667,Mar (SWC = 16 %),wet
3/6/21 10:00,10:00,1.813304133,16.34453667,16.34565,Mar (SWC = 16 %),wet
3/6/21 11:00,11:00,2.002622267,19.32498,16.37498333,Mar (SWC = 16 %),wet
3/6/21 12:00,12:00,2.024087867,20.82487167,16.3718,Mar (SWC = 16 %),wet
3/6/21 13:00,13:00,2.096445867,22.050575,16.40358333,Mar (SWC = 16 %),wet
3/6/21 14:00,14:00,2.147489067,21.422875,16.4321,Mar (SWC = 16 %),wet
3/6/21 15:00,15:00,2.0533812,20.44486,16.4741,Mar (SWC = 16 %),wet
3/6/21 16:00,16:00,2.050871333,18.50365333,16.46653333,Mar (SWC = 16 %),wet
3/6/21 17:00,17:00,1.784614,13.97275833,16.4792,Mar (SWC = 16 %),wet
3/6/21 18:00,18:00,1.633692667,8.8395155,16.4686,Mar (SWC = 16 %),wet
3/6/21 19:00,19:00,1.5760888,5.2548115,16.46296667,Mar (SWC = 16 %),wet
3/6/21 20:00,20:00,1.5305992,3.864712,16.37593333,Mar (SWC = 16 %),wet
3/6/21 21:00,21:00,1.5188628,2.9170695,16.33008333,Mar (SWC = 16 %),wet
3/6/21 22:00,22:00,1.502111867,2.339805833,16.32208333,Mar (SWC = 16 %),wet
3/6/21 23:00,23:00,1.416584,2.018427667,16.30266667,Mar (SWC = 16 %),wet
3/7/21 0:00,0:00,1.449851867,1.5093785,16.2623,Mar (SWC = 16 %),wet
3/7/21 1:00,1:00,1.316392133,1.010809667,16.21726667,Mar (SWC = 16 %),wet
3/7/21 2:00,2:00,1.298516267,1.237695167,16.19,Mar (SWC = 16 %),wet
3/7/21 3:00,3:00,1.276123333,1.3788565,16.17858333,Mar (SWC = 16 %),wet
3/7/21 4:00,4:00,1.3179868,0.927610833,16.10778333,Mar (SWC = 16 %),wet
3/7/21 5:00,5:00,1.284635733,0.541727333,16.09415,Mar (SWC = 16 %),wet
3/7/21 6:00,6:00,1.3233636,1.197505333,16.03548333,Mar (SWC = 16 %),wet
3/7/21 7:00,7:00,1.4548872,3.670537333,16.00215,Mar (SWC = 16 %),wet
3/7/21 8:00,8:00,1.5093416,8.682049667,16.00103333,Mar (SWC = 16 %),wet
3/7/21 9:00,9:00,1.654950267,13.24982333,16.01066667,Mar (SWC = 16 %),wet
3/7/21 10:00,10:00,1.678534,15.911325,15.99015,Mar (SWC = 16 %),wet
3/7/21 11:00,11:00,1.863056,19.19838167,15.99578333,Mar (SWC = 16 %),wet
3/7/21 12:00,12:00,1.9411288,20.86479833,16.01793333,Mar (SWC = 16 %),wet
3/7/21 13:00,13:00,2.005262133,23.51386,16.05208333,Mar (SWC = 16 %),wet
3/7/21 14:00,14:00,2.082541067,23.32260667,16.0712,Mar (SWC = 16 %),wet
3/7/21 15:00,15:00,1.967667867,21.98382333,16.1172,Mar (SWC = 16 %),wet
3/7/21 16:00,16:00,1.8984472,17.31901667,16.13126667,Mar (SWC = 16 %),wet
3/7/21 17:00,17:00,1.773869067,12.95793667,16.13911667,Mar (SWC = 16 %),wet
3/7/21 18:00,18:00,1.7500912,9.95329,16.13911667,Mar (SWC = 16 %),wet
3/7/21 19:00,19:00,1.699108667,8.618158,16.11845,Mar (SWC = 16 %),wet
3/7/21 20:00,20:00,1.671619733,7.813502333,16.12851667,Mar (SWC = 16 %),wet
3/7/21 21:00,21:00,1.629556933,5.838282333,16.09533333,Mar (SWC = 16 %),wet
3/7/21 22:00,22:00,1.5633592,4.853121167,16.03748333,Mar (SWC = 16 %),wet
3/7/21 23:00,23:00,1.621529867,5.845419333,16.02303333,Mar (SWC = 16 %),wet
3/8/21 0:00,0:00,1.484078267,5.545860333,15.9977,Mar (SWC = 16 %),wet
3/8/21 1:00,1:00,1.478249067,5.292691667,15.9714,Mar (SWC = 16 %),wet
3/8/21 2:00,2:00,1.478256,5.002872333,15.94866667,Mar (SWC = 16 %),wet
3/8/21 3:00,3:00,1.473626267,4.730649833,15.92621667,Mar (SWC = 16 %),wet
3/8/21 4:00,4:00,1.3871624,4.553992167,15.90333333,Mar (SWC = 16 %),wet
3/8/21 5:00,5:00,1.4124604,4.534764667,15.88021667,Mar (SWC = 16 %),wet
3/8/21 6:00,6:00,1.350992933,4.419466,15.83503333,Mar (SWC = 16 %),wet
3/8/21 7:00,7:00,1.3682552,4.845912,15.84288333,Mar (SWC = 16 %),wet
3/8/21 8:00,8:00,1.3998244,6.700358333,15.82555,Mar (SWC = 16 %),wet
3/8/21 9:00,9:00,1.518126133,10.99260667,15.80955,Mar (SWC = 16 %),wet
3/8/21 10:00,10:00,1.579876133,12.84984667,15.78985,Mar (SWC = 16 %),wet
3/8/21 11:00,11:00,1.733988533,15.979755,15.82,Mar (SWC = 16 %),wet
3/8/21 12:00,12:00,1.883717333,17.976735,15.8423,Mar (SWC = 16 %),wet
3/8/21 13:00,13:00,1.905829467,18.246025,15.89696667,Mar (SWC = 16 %),wet
3/8/21 14:00,14:00,2.019834267,17.77663333,15.91941667,Mar (SWC = 16 %),wet
3/8/21 15:00,15:00,2.020217333,15.89911167,15.9172,Mar (SWC = 16 %),wet
3/8/21 16:00,16:00,1.785049067,13.561355,15.93993333,Mar (SWC = 16 %),wet
3/8/21 17:00,17:00,1.721824,9.854645,15.90756667,Mar (SWC = 16 %),wet
3/8/21 18:00,18:00,1.546660267,8.119948833,15.93236667,Mar (SWC = 16 %),wet
3/8/21 19:00,19:00,1.603577733,6.888450167,15.88815,Mar (SWC = 16 %),wet
3/8/21 20:00,20:00,1.558233733,6.511435333,15.86585,Mar (SWC = 16 %),wet
3/8/21 21:00,21:00,1.549268933,6.227120667,15.85221667,Mar (SWC = 16 %),wet
3/8/21 22:00,22:00,1.557273467,5.444455333,15.79851667,Mar (SWC = 16 %),wet
3/8/21 23:00,23:00,1.597280533,5.2044885,15.7674,Mar (SWC = 16 %),wet
3/9/21 0:00,0:00,1.594838267,5.217184833,15.74755,Mar (SWC = 16 %),wet
3/9/21 1:00,1:00,1.4794624,5.007668333,15.7017,Mar (SWC = 16 %),wet
3/9/21 2:00,2:00,1.524796,3.995780333,15.68406667,Mar (SWC = 16 %),wet
3/9/21 3:00,3:00,1.5051556,3.189054333,15.65791667,Mar (SWC = 16 %),wet
3/9/21 4:00,4:00,1.401814267,2.6445965,15.62361667,Mar (SWC = 16 %),wet
3/9/21 5:00,5:00,1.3443664,1.749220167,15.60488333,Mar (SWC = 16 %),wet
3/9/21 6:00,6:00,1.407477067,1.017313,15.57665,Mar (SWC = 16 %),wet
3/9/21 7:00,7:00,1.4525368,1.144427667,15.5491,Mar (SWC = 16 %),wet
3/9/21 8:00,8:00,1.554408267,4.5285805,15.52858333,Mar (SWC = 16 %),wet
3/9/21 9:00,9:00,1.5068508,8.454454667,15.51398333,Mar (SWC = 16 %),wet
3/9/21 10:00,10:00,1.466594133,10.8138645,15.5017,Mar (SWC = 16 %),wet
3/9/21 11:00,11:00,1.737084267,14.26507833,15.50088333,Mar (SWC = 16 %),wet
3/9/21 12:00,12:00,1.6816644,12.25128167,15.52481667,Mar (SWC = 16 %),wet
3/9/21 13:00,13:00,1.7968236,10.5853485,15.53748333,Mar (SWC = 16 %),wet
3/9/21 14:00,14:00,1.610105467,10.329875,15.5463,Mar (SWC = 16 %),wet
3/9/21 15:00,15:00,1.5712944,9.621876667,15.56681667,Mar (SWC = 16 %),wet
3/9/21 16:00,16:00,1.5539472,10.493825,15.54148333,Mar (SWC = 16 %),wet
3/9/21 17:00,17:00,1.474125467,6.9683985,15.5357,Mar (SWC = 16 %),wet
3/9/21 18:00,18:00,1.381043733,3.053457333,15.4897,Mar (SWC = 16 %),wet
3/9/21 19:00,19:00,1.254292,0.9016785,15.48021667,Mar (SWC = 16 %),wet
3/9/21 20:00,20:00,1.305466933,0.279023,15.43088333,Mar (SWC = 16 %),wet
3/9/21 21:00,21:00,1.268765333,1.0295725,15.42843333,Mar (SWC = 16 %),wet
3/9/21 22:00,22:00,1.304764933,1.688486333,15.38243333,Mar (SWC = 16 %),wet
3/9/21 23:00,23:00,1.318934933,0.862829833,15.3531,Mar (SWC = 16 %),wet
4/17/21 0:00,0:00,2.116963333,3.824980833,12.27713333,Apr (SWC = 11.7%),wet
4/17/21 1:00,1:00,1.959538533,3.306906167,12.26653333,Apr (SWC = 11.7%),wet
4/17/21 2:00,2:00,2.007427067,3.7424055,12.23623333,Apr (SWC = 11.7%),wet
4/17/21 3:00,3:00,1.988800667,3.530683167,12.15801667,Apr (SWC = 11.7%),wet
4/17/21 4:00,4:00,2.0815444,3.580901,12.14823333,Apr (SWC = 11.7%),wet
4/17/21 5:00,5:00,2.032283067,3.398452833,12.10816667,Apr (SWC = 11.7%),wet
4/17/21 6:00,6:00,1.915413067,4.213195833,12.0769,Apr (SWC = 11.7%),wet
4/17/21 7:00,7:00,1.6865108,6.858151833,12.03171667,Apr (SWC = 11.7%),wet
4/17/21 8:00,8:00,1.778777867,12.35215667,12.0269,Apr (SWC = 11.7%),wet
4/17/21 9:00,9:00,1.8585788,17.96639,11.98008333,Apr (SWC = 11.7%),wet
4/17/21 10:00,10:00,1.991132,23.19634,11.98653333,Apr (SWC = 11.7%),wet
4/17/21 11:00,11:00,2.108574,27.83689833,11.99216667,Apr (SWC = 11.7%),wet
4/17/21 12:00,12:00,2.141514267,28.89472,12.01928333,Apr (SWC = 11.7%),wet
4/17/21 13:00,13:00,2.300041467,26.519665,12.07106667,Apr (SWC = 11.7%),wet
4/17/21 14:00,14:00,2.432930933,28.70798,12.09818333,Apr (SWC = 11.7%),wet
4/17/21 15:00,15:00,2.404155867,22.61630667,12.12655,Apr (SWC = 11.7%),wet
4/17/21 16:00,16:00,2.3112336,23.406215,12.1527,Apr (SWC = 11.7%),wet
4/17/21 17:00,17:00,2.358382,20.57807667,12.16455,Apr (SWC = 11.7%),wet
4/17/21 18:00,18:00,2.324621867,17.91808333,12.1607,Apr (SWC = 11.7%),wet
4/17/21 19:00,19:00,2.272120933,15.57783,12.14706667,Apr (SWC = 11.7%),wet
4/17/21 20:00,20:00,2.0526324,12.033615,12.1501,Apr (SWC = 11.7%),wet
4/17/21 21:00,21:00,1.928839467,11.62937667,12.11691667,Apr (SWC = 11.7%),wet
4/17/21 22:00,22:00,1.915657467,11.962925,12.10728333,Apr (SWC = 11.7%),wet
4/17/21 23:00,23:00,1.9479668,11.59055,12.0701,Apr (SWC = 11.7%),wet
4/18/21 0:00,0:00,1.830377467,11.23410833,12.02091667,Apr (SWC = 11.7%),wet
4/18/21 1:00,1:00,1.857282267,10.65605167,12.02298333,Apr (SWC = 11.7%),wet
4/18/21 2:00,2:00,1.779677467,10.10284167,11.98898333,Apr (SWC = 11.7%),wet
4/18/21 3:00,3:00,1.734737333,9.449355,11.96528333,Apr (SWC = 11.7%),wet
4/18/21 4:00,4:00,1.8034432,8.912256667,11.95565,Apr (SWC = 11.7%),wet
4/18/21 5:00,5:00,1.6958968,8.520897,11.88031667,Apr (SWC = 11.7%),wet
4/18/21 6:00,6:00,1.711042667,8.313719167,11.90468333,Apr (SWC = 11.7%),wet
4/18/21 7:00,7:00,1.678870267,9.1104315,11.83335,Apr (SWC = 11.7%),wet
4/18/21 8:00,8:00,1.693324533,11.94393833,11.82371667,Apr (SWC = 11.7%),wet
4/18/21 9:00,9:00,1.742247867,15.68403333,11.80483333,Apr (SWC = 11.7%),wet
4/18/21 10:00,10:00,1.8362708,19.43305,11.80083333,Apr (SWC = 11.7%),wet
4/18/21 11:00,11:00,2.032082,23.03332833,11.79283333,Apr (SWC = 11.7%),wet
4/18/21 12:00,12:00,2.159118,25.139875,11.81128333,Apr (SWC = 11.7%),wet
4/18/21 13:00,13:00,2.2554636,25.92155333,11.8344,Apr (SWC = 11.7%),wet
4/18/21 14:00,14:00,2.456077867,26.48604833,11.8567,Apr (SWC = 11.7%),wet
4/18/21 15:00,15:00,2.388434533,25.40890167,11.90848333,Apr (SWC = 11.7%),wet
4/18/21 16:00,16:00,2.245502133,24.81916167,11.933,Apr (SWC = 11.7%),wet
4/18/21 17:00,17:00,2.124848267,22.87555333,11.94263333,Apr (SWC = 11.7%),wet
4/18/21 18:00,18:00,2.130500667,19.39061167,11.93685,Apr (SWC = 11.7%),wet
4/18/21 19:00,19:00,2.147858267,15.61057333,11.929,Apr (SWC = 11.7%),wet
4/18/21 20:00,20:00,2.107381467,12.53189667,11.91936667,Apr (SWC = 11.7%),wet
4/18/21 21:00,21:00,2.010006267,9.382892333,11.89403333,Apr (SWC = 11.7%),wet
4/18/21 22:00,22:00,2.021188,9.244835,11.86855,Apr (SWC = 11.7%),wet
4/18/21 23:00,23:00,1.947325467,8.885494,11.84225,Apr (SWC = 11.7%),wet
4/19/21 0:00,0:00,1.9182488,9.026567667,11.80891667,Apr (SWC = 11.7%),wet
4/19/21 1:00,1:00,1.913835733,9.488848333,11.77395,Apr (SWC = 11.7%),wet
4/19/21 2:00,2:00,1.891111733,8.196134833,11.74461667,Apr (SWC = 11.7%),wet
4/19/21 3:00,3:00,1.855840133,6.238504667,11.71031667,Apr (SWC = 11.7%),wet
4/19/21 4:00,4:00,1.813092667,5.196923,11.68483333,Apr (SWC = 11.7%),wet
4/19/21 5:00,5:00,1.7710108,4.962180167,11.63898333,Apr (SWC = 11.7%),wet
4/19/21 6:00,6:00,1.720101067,5.118989833,11.62231667,Apr (SWC = 11.7%),wet
4/19/21 7:00,7:00,1.903581333,6.672406833,11.60083333,Apr (SWC = 11.7%),wet
4/19/21 8:00,8:00,2.4018748,11.834569,11.57838333,Apr (SWC = 11.7%),wet
4/19/21 9:00,9:00,2.017523733,19.13651833,11.55208333,Apr (SWC = 11.7%),wet
4/19/21 10:00,10:00,2.596507333,25.30597167,11.52713333,Apr (SWC = 11.7%),wet
4/19/21 11:00,11:00,2.8161172,29.63445333,11.54461667,Apr (SWC = 11.7%),wet
4/19/21 12:00,12:00,3.247089733,32.09182667,11.55988333,Apr (SWC = 11.7%),wet
4/19/21 13:00,13:00,3.294565733,32.96614667,11.59003333,Apr (SWC = 11.7%),wet
4/19/21 14:00,14:00,3.153884933,34.26831833,11.62981667,Apr (SWC = 11.7%),wet
4/19/21 15:00,15:00,3.184098667,33.20984,11.6973,Apr (SWC = 11.7%),wet
4/19/21 16:00,16:00,3.164798,30.492565,11.72056667,Apr (SWC = 11.7%),wet
4/19/21 17:00,17:00,3.022558933,27.442565,11.73626667,Apr (SWC = 11.7%),wet
4/19/21 18:00,18:00,2.726555867,22.90032333,11.75981667,Apr (SWC = 11.7%),wet
4/19/21 19:00,19:00,2.623741467,17.90309833,11.73626667,Apr (SWC = 11.7%),wet
4/19/21 20:00,20:00,2.797717867,12.28229833,11.73063333,Apr (SWC = 11.7%),wet
4/19/21 21:00,21:00,2.423718267,9.4408995,11.72485,Apr (SWC = 11.7%),wet
4/19/21 22:00,22:00,2.455854267,7.459398,11.69373333,Apr (SWC = 11.7%),wet
4/19/21 23:00,23:00,2.310873067,6.666862167,11.64773333,Apr (SWC = 11.7%),wet
4/20/21 0:00,0:00,2.354735067,6.320527833,11.60655,Apr (SWC = 11.7%),wet
4/20/21 1:00,1:00,2.342041867,5.024023,11.59995,Apr (SWC = 11.7%),wet
4/20/21 2:00,2:00,2.320872667,4.384799,11.53343333,Apr (SWC = 11.7%),wet
4/20/21 3:00,3:00,2.123654,4.178104,11.49928333,Apr (SWC = 11.7%),wet
4/20/21 4:00,4:00,2.262180267,3.953607833,11.47365,Apr (SWC = 11.7%),wet
4/20/21 5:00,5:00,2.240654,3.692201333,11.42283333,Apr (SWC = 11.7%),wet
4/20/21 6:00,6:00,2.114129333,3.558096167,11.37616667,Apr (SWC = 11.7%),wet
4/20/21 7:00,7:00,2.0921836,5.299800833,11.38965,Apr (SWC = 11.7%),wet
4/20/21 8:00,8:00,2.1548332,11.19989717,11.34765,Apr (SWC = 11.7%),wet
4/20/21 9:00,9:00,2.241737333,17.98854667,11.3358,Apr (SWC = 11.7%),wet
4/20/21 10:00,10:00,2.5626328,23.61326833,11.30328333,Apr (SWC = 11.7%),wet
4/20/21 11:00,11:00,2.878061333,28.25391,11.30891667,Apr (SWC = 11.7%),wet
4/20/21 12:00,12:00,3.922789867,30.39300167,11.34225,Apr (SWC = 11.7%),wet
4/20/21 13:00,13:00,3.320186133,31.33097,11.375,Apr (SWC = 11.7%),wet
4/20/21 14:00,14:00,3.255567467,32.147045,11.42581667,Apr (SWC = 11.7%),wet
4/20/21 15:00,15:00,2.829843467,30.47206167,11.45515,Apr (SWC = 11.7%),wet
4/20/21 16:00,16:00,2.570606133,28.171465,11.49508333,Apr (SWC = 11.7%),wet
4/20/21 17:00,17:00,2.481556133,25.45275833,11.50308333,Apr (SWC = 11.7%),wet
4/20/21 18:00,18:00,2.539475467,20.689625,11.52745,Apr (SWC = 11.7%),wet
4/20/21 19:00,19:00,2.517956133,15.25667333,11.51478333,Apr (SWC = 11.7%),wet
4/20/21 20:00,20:00,2.524608667,10.37439533,11.49715,Apr (SWC = 11.7%),wet
4/20/21 21:00,21:00,2.535078,8.0518365,11.47306667,Apr (SWC = 11.7%),wet
4/20/21 22:00,22:00,2.408763067,6.9794215,11.43973333,Apr (SWC = 11.7%),wet
4/20/21 23:00,23:00,2.353755733,5.567038167,11.39773333,Apr (SWC = 11.7%),wet
4/21/21 0:00,0:00,2.575984667,5.501415,11.37721667,Apr (SWC = 11.7%),wet
4/21/21 1:00,1:00,2.477507067,5.337482,11.31936667,Apr (SWC = 11.7%),wet
4/21/21 2:00,2:00,2.358373333,4.207391,11.28121667,Apr (SWC = 11.7%),wet
4/21/21 3:00,3:00,2.264707467,2.707622,11.27061667,Apr (SWC = 11.7%),wet
4/21/21 4:00,4:00,2.337817733,4.175780667,11.20795,Apr (SWC = 11.7%),wet
4/21/21 5:00,5:00,2.489711467,5.407936833,11.22298333,Apr (SWC = 11.7%),wet
4/21/21 6:00,6:00,2.166956133,5.477571333,11.19528333,Apr (SWC = 11.7%),wet
4/21/21 7:00,7:00,2.7974908,5.656730667,11.13743333,Apr (SWC = 11.7%),wet
4/21/21 8:00,8:00,2.554669867,7.098613167,11.12476667,Apr (SWC = 11.7%),wet
4/21/21 9:00,9:00,2.177470533,8.996543333,11.11995,Apr (SWC = 11.7%),wet
4/21/21 10:00,10:00,3.364023867,11.42433,11.10025,Apr (SWC = 11.7%),wet
4/21/21 11:00,11:00,3.443152267,13.75347333,11.1081,Apr (SWC = 11.7%),wet
4/21/21 12:00,12:00,2.937010267,18.92238667,11.1081,Apr (SWC = 11.7%),wet
4/21/21 13:00,13:00,3.170474667,21.96906167,11.12558333,Apr (SWC = 11.7%),wet
4/21/21 14:00,14:00,3.856240267,17.62538667,11.12336667,Apr (SWC = 11.7%),wet
4/21/21 15:00,15:00,2.659897067,18.21334167,11.16536667,Apr (SWC = 11.7%),wet
4/21/21 16:00,16:00,2.5787216,18.62096333,11.17115,Apr (SWC = 11.7%),wet
4/21/21 17:00,17:00,2.451172533,14.288975,11.17418333,Apr (SWC = 11.7%),wet
4/21/21 18:00,18:00,2.775330133,10.61537833,11.18285,Apr (SWC = 11.7%),wet
4/21/21 19:00,19:00,2.506637467,9.007405,11.19485,Apr (SWC = 11.7%),wet
4/21/21 20:00,20:00,2.492945867,7.987346,11.16855,Apr (SWC = 11.7%),wet
4/21/21 21:00,21:00,2.4160604,7.502519667,11.1567,Apr (SWC = 11.7%),wet
4/21/21 22:00,22:00,2.267326533,7.311952,11.14003333,Apr (SWC = 11.7%),wet
4/21/21 23:00,23:00,2.1545056,7.244336667,11.10188333,Apr (SWC = 11.7%),wet
5/17/21 0:00,0:00,1.4411384,8.248395667,7.4646,May (SWC = 7.5%),wet
5/17/21 1:00,1:00,1.494369067,8.029158333,7.4606,May (SWC = 7.5%),wet
5/17/21 2:00,2:00,1.414989333,7.8534565,7.439116667,May (SWC = 7.5%),wet
5/17/21 3:00,3:00,1.415578667,7.713232833,7.433483333,May (SWC = 7.5%),wet
5/17/21 4:00,4:00,1.536138933,7.5878205,7.42245,May (SWC = 7.5%),wet
5/17/21 5:00,5:00,1.461737333,7.492381833,7.396966667,May (SWC = 7.5%),wet
5/17/21 6:00,6:00,1.494036267,7.407867,7.40785,May (SWC = 7.5%),wet
5/17/21 7:00,7:00,1.4351688,7.745865167,7.3843,May (SWC = 7.5%),wet
5/17/21 8:00,8:00,1.405885867,9.443508333,7.3883,May (SWC = 7.5%),wet
5/17/21 9:00,9:00,1.5147912,12.65355833,7.3686,May (SWC = 7.5%),wet
5/17/21 10:00,10:00,1.530574933,19.71386,7.3569,May (SWC = 7.5%),wet
5/17/21 11:00,11:00,1.566184533,25.47716833,7.380166667,May (SWC = 7.5%),wet
5/17/21 12:00,12:00,1.638204533,28.48543167,7.430166667,May (SWC = 7.5%),wet
5/17/21 13:00,13:00,1.7167072,30.20239,7.452466667,May (SWC = 7.5%),wet
5/17/21 14:00,14:00,1.709129067,32.134845,7.494466667,May (SWC = 7.5%),wet
5/17/21 15:00,15:00,1.598819733,31.18047,7.545133333,May (SWC = 7.5%),wet
5/17/21 16:00,16:00,1.5734576,28.494205,7.5618,May (SWC = 7.5%),wet
5/17/21 17:00,17:00,1.6408808,25.72496833,7.5658,May (SWC = 7.5%),wet
5/17/21 18:00,18:00,1.58704,22.09023667,7.5895,May (SWC = 7.5%),wet
5/17/21 19:00,19:00,1.580630133,17.29339,7.603133333,May (SWC = 7.5%),wet
5/17/21 20:00,20:00,1.5454192,13.62407333,7.59735,May (SWC = 7.5%),wet
5/17/21 21:00,21:00,1.548948267,11.22699667,7.60535,May (SWC = 7.5%),wet
5/17/21 22:00,22:00,1.567411733,9.543608333,7.56705,May (SWC = 7.5%),wet
5/17/21 23:00,23:00,1.589002133,8.712622167,7.56305,May (SWC = 7.5%),wet
5/18/21 0:00,0:00,1.6103464,8.174952833,7.5172,May (SWC = 7.5%),wet
5/18/21 1:00,1:00,1.609452,7.8709995,7.528083333,May (SWC = 7.5%),wet
5/18/21 2:00,2:00,1.5649504,8.988228333,7.507566667,May (SWC = 7.5%),wet
5/18/21 3:00,3:00,1.5424032,9.045071667,7.4752,May (SWC = 7.5%),wet
5/18/21 4:00,4:00,1.6207048,6.953297833,7.45675,May (SWC = 7.5%),wet
5/18/21 5:00,5:00,1.4981096,5.88553,7.444083333,May (SWC = 7.5%),wet
5/18/21 6:00,6:00,1.539061333,5.863193833,7.4252,May (SWC = 7.5%),wet
5/18/21 7:00,7:00,1.510645067,8.772708333,7.398083333,May (SWC = 7.5%),wet
5/18/21 8:00,8:00,1.5895464,14.482485,7.385416667,May (SWC = 7.5%),wet
5/18/21 9:00,9:00,1.682310933,19.98069833,7.4069,May (SWC = 7.5%),wet
5/18/21 10:00,10:00,1.8204888,27.11026167,7.37935,May (SWC = 7.5%),wet
5/18/21 11:00,11:00,1.8084144,32.48133833,7.400833333,May (SWC = 7.5%),wet
5/18/21 12:00,12:00,1.9049576,34.98029333,7.434983333,May (SWC = 7.5%),wet
5/18/21 13:00,13:00,1.868685867,36.268425,7.459066667,May (SWC = 7.5%),wet
5/18/21 14:00,14:00,1.918096267,37.01376167,7.4884,May (SWC = 7.5%),wet
5/18/21 15:00,15:00,1.799737333,35.99676333,7.5384,May (SWC = 7.5%),wet
5/18/21 16:00,16:00,1.7634552,33.76643333,7.577366667,May (SWC = 7.5%),wet
5/18/21 17:00,17:00,1.729003467,31.078935,7.601883333,May (SWC = 7.5%),wet
5/18/21 18:00,18:00,1.652625867,27.35353167,7.61855,May (SWC = 7.5%),wet
5/18/21 19:00,19:00,1.616881067,22.93031167,7.6224,May (SWC = 7.5%),wet
5/18/21 20:00,20:00,1.627960533,17.86640667,7.616766667,May (SWC = 7.5%),wet
5/18/21 21:00,21:00,1.597758933,14.67216167,7.59625,May (SWC = 7.5%),wet
5/18/21 22:00,22:00,1.651013867,12.54337333,7.602316667,May (SWC = 7.5%),wet
5/18/21 23:00,23:00,1.599263467,11.128085,7.58165,May (SWC = 7.5%),wet
5/19/21 0:00,0:00,1.642163467,10.37558667,7.568983333,May (SWC = 7.5%),wet
5/19/21 1:00,1:00,1.6188224,9.45157,7.533866667,May (SWC = 7.5%),wet
5/19/21 2:00,2:00,1.600587733,8.764358333,7.52505,May (SWC = 7.5%),wet
5/19/21 3:00,3:00,1.58626,8.148264833,7.48305,May (SWC = 7.5%),wet
5/19/21 4:00,4:00,1.605309333,6.897611667,7.4529,May (SWC = 7.5%),wet
5/19/21 5:00,5:00,1.609479733,6.481676333,7.42535,May (SWC = 7.5%),wet
5/19/21 6:00,6:00,1.565619467,6.086166167,7.41335,May (SWC = 7.5%),wet
5/19/21 7:00,7:00,1.558266667,9.4591365,7.382383333,May (SWC = 7.5%),wet
5/19/21 8:00,8:00,1.538628,16.256605,7.361866667,May (SWC = 7.5%),wet
5/19/21 9:00,9:00,1.4934712,21.36076667,7.3478,May (SWC = 7.5%),wet
5/19/21 10:00,10:00,1.686113867,25.70930333,7.3755,May (SWC = 7.5%),wet
5/19/21 11:00,11:00,1.771979733,29.83160667,7.373283333,May (SWC = 7.5%),wet
5/19/21 12:00,12:00,1.742797333,31.96542667,7.395583333,May (SWC = 7.5%),wet
5/19/21 13:00,13:00,1.776216,33.23454167,7.414033333,May (SWC = 7.5%),wet
5/19/21 14:00,14:00,1.7239664,33.70718167,7.449,May (SWC = 7.5%),wet
5/19/21 15:00,15:00,1.658813867,32.22301,7.466483333,May (SWC = 7.5%),wet
5/19/21 16:00,16:00,1.6669432,30.30622,7.50285,May (SWC = 7.5%),wet
5/19/21 17:00,17:00,1.668302133,27.531655,7.5304,May (SWC = 7.5%),wet
5/19/21 18:00,18:00,1.566007733,23.76488333,7.548033333,May (SWC = 7.5%),wet
5/19/21 19:00,19:00,1.5254928,19.03221333,7.5264,May (SWC = 7.5%),wet
5/19/21 20:00,20:00,1.550154667,14.34270667,7.5304,May (SWC = 7.5%),wet
5/19/21 21:00,21:00,1.5378168,11.53491167,7.501066667,May (SWC = 7.5%),wet
5/19/21 22:00,22:00,1.536551467,9.817095,7.51195,May (SWC = 7.5%),wet
5/19/21 23:00,23:00,1.5228824,8.474776667,7.4778,May (SWC = 7.5%),wet
5/20/21 0:00,0:00,1.5078024,7.234065167,7.453433333,May (SWC = 7.5%),wet
5/20/21 1:00,1:00,1.499992,7.230206,7.41225,May (SWC = 7.5%),wet
5/20/21 2:00,2:00,1.4762384,6.998548833,7.4095,May (SWC = 7.5%),wet
5/20/21 3:00,3:00,1.557320267,6.176891167,7.3781,May (SWC = 7.5%),wet
5/20/21 4:00,4:00,1.476609333,5.419130833,7.338983333,May (SWC = 7.5%),wet
5/20/21 5:00,5:00,1.4474512,4.961093167,7.322316667,May (SWC = 7.5%),wet
5/20/21 6:00,6:00,1.451895467,4.985852167,7.29395,May (SWC = 7.5%),wet
5/20/21 7:00,7:00,1.463609333,8.335076,7.28335,May (SWC = 7.5%),wet
5/20/21 8:00,8:00,1.540846667,14.27200167,7.280316667,May (SWC = 7.5%),wet
5/20/21 9:00,9:00,1.5918656,18.88400667,7.247133333,May (SWC = 7.5%),wet
5/20/21 10:00,10:00,1.8316584,23.00954667,7.264616667,May (SWC = 7.5%),wet
5/20/21 11:00,11:00,1.7773704,27.015275,7.248916667,May (SWC = 7.5%),wet
5/20/21 12:00,12:00,1.590218933,28.67396333,7.293666667,May (SWC = 7.5%),wet
5/20/21 13:00,13:00,1.618974933,28.82972333,7.30715,May (SWC = 7.5%),wet
5/20/21 14:00,14:00,1.605118667,29.172295,7.349,May (SWC = 7.5%),wet
5/20/21 15:00,15:00,1.808022667,26.56975167,7.3913,May (SWC = 7.5%),wet
5/20/21 16:00,16:00,1.518348,24.59714333,7.3913,May (SWC = 7.5%),wet
5/20/21 17:00,17:00,1.488909067,20.45288667,7.41485,May (SWC = 7.5%),wet
5/20/21 18:00,18:00,1.449714933,17.06948,7.436333333,May (SWC = 7.5%),wet
5/20/21 19:00,19:00,1.4806792,12.519925,7.41485,May (SWC = 7.5%),wet
5/20/21 20:00,20:00,1.438056533,9.369033333,7.398183333,May (SWC = 7.5%),wet
5/20/21 21:00,21:00,1.527361333,8.425746167,7.377666667,May (SWC = 7.5%),wet
5/20/21 22:00,22:00,1.388590667,7.9534585,7.3584,May (SWC = 7.5%),wet
5/20/21 23:00,23:00,1.3996424,7.492121833,7.3504,May (SWC = 7.5%),wet